相对路径,文件大小（字节）,SHA256
01_单年份真题/2010/2010年考研英语二真题.pdf,1239369,3170a7e9193f6655f44594729c1d777336c0cec6d013b14140f790cfd1c6b9d6
01_单年份真题/2011/2011年考研英语二真题.pdf,1796545,030966856a7f71a73c5a0a259c282000b667cdc2a33f62b57681e1341f9f381b
01_单年份真题/2012/2012年考研英语二真题.pdf,1542719,f84dc16b98db2ff55bbdcc5e05e020dce2724c23611171370d44da66c74dacfe
01_单年份真题/2013/2013年考研英语二真题.pdf,1441895,a9fe05974a721aea2eec8fc4784d3f874a479a5095ff0113b1fc8031a79a2389
01_单年份真题/2014/2014年考研英语二真题.pdf,1633060,23b80eb1a70c91954415ec40af191f206987519d5abe2a90543a333547c706bc
01_单年份真题/2015/2015年考研英语二真题.pdf,1347294,138ad8c2759c20a7726b87816ba5417134d7d796a3182fb6cf930161f3905067
01_单年份真题/2016/2016年考研英语二真题.pdf,1397776,c83cf638210c461ac55b72486d400af64efebe72040d04c96f9494aa0a12bc0e
01_单年份真题/2017/2017年考研英语二真题.pdf,1520721,cf170617478a08dd2a97c7db7c4780963ff6bf67cd47e37a9b61f554cca94e14
01_单年份真题/2018/2018年考研英语二真题.pdf,1488283,355eefb506ffbbe0e668dd3b139b5bfda5297e481530749d43685e163765b8b9
01_单年份真题/2019/2019年考研英语二真题.pdf,1378276,3d9025af3447984d9adc80b548233d07328ca82b1d86e0aa6d5d82af04c3399f
01_单年份真题/2020/2020年考研英语二真题.pdf,1328815,a48fd201424585fc50cbf7a32b9a90dac9c154e0e476fd6a6f31dddb00eba5b5
01_单年份真题/2021/2021年考研英语二真题.pdf,4891516,0b0f6136bac9282ba2c3258ae9e760d4a61767638dbe20d37a72a8aa4d61f47a
01_单年份真题/2022/2022年考研英语二真题.pdf,4824381,ce43ed07328d7a5e6b82d1c4ed354394e9036433a139b82b43d5aca0c92f32e5
01_单年份真题/2023/2023年考研英语二真题.pdf,781599,776f02599f7b1e2ac192b09640582495a16e2ba81d9e52248ccf7efb2a166817
01_单年份真题/2024/2024年考研英语二真题.pdf,530851,7737265274397925c06700d94c22589e2b542d5560ca9ae93ed41fa8bddb4faa
01_单年份真题/2025/2025年考研英语二真题.pdf,516098,9c6cb05c89978ae9663bf28876cbc6a6fa3a20eb43ba24c566cf4df94b37108b
01_单年份真题/2026/2026年考研英语二真题.pdf,476581,d7119e61513081662b615ff859b589e5261a1c3e005c0841e77219c998cc248e
02_答案与解析/2010/2010年考研英语二真题及参考答案.pdf,580278,94d6584c9dcf7587009c0486cfc7630a07b004d5e8312328569b514d770c0bec
02_答案与解析/2011/2011年考研英语二真题及参考答案.pdf,577645,e3b36a30683259cb838ea2987171ff630fb53ff8196834dcc1da6054d8eeac7e
02_答案与解析/2012/2012年考研英语二真题及参考答案.pdf,594347,3cd235cdd05987b6d60e0ee93cda3fe4bc5b5591f43a181817b6877fe76775d8
02_答案与解析/2013/2013年考研英语二真题及参考答案.pdf,584260,89522ac444b9ff7632e635c7e9c02c58388b3ee6db5973f3c358179104cba0de
02_答案与解析/2014/2014年考研英语二真题及参考答案.pdf,630736,0c65503eb5218b730e3e8a3959c1861cae4686c80bad7a6a5f2cfa991114d45c
02_答案与解析/2015/2015年考研英语二真题及参考答案.pdf,636894,4b7e46446a7a44ce2a6cf09e9345808b094ee0707d5a5f7ea5b8c74786a791b9
02_答案与解析/2016/2016年考研英语二真题及参考答案.pdf,621708,f515f79cad47adb46d8a855cfde24a7b714d286ae0c36c22896249c24e2346c4
02_答案与解析/2017/2017年考研英语二真题及参考答案.pdf,244549,85b6f05524fea7f0bc5b0f086ebaf97f4aa8a2c19e5710dadb5b5519158c6535
02_答案与解析/2018/2018年考研英语二详细解析.pdf,3270842,dc84d540e0b62fe965a6af1df431cb8a1234a4fb102936ead16598102d830a07
03_历年合集/2010-2022年考研英语二真题合集（无解析）.pdf,15029937,ba293a664a3c7cff4086672c7b8c38a924de6b8bca6a11177767cd1067f4182f
04_待核对资料/补充文本源/pfoocc_英语二_2010-2023/2010/2010.tex,58,8ac3013f3d419e6ce40043727e9b8a228738e0d5090ba3c1bb6e6302c54bcc2b
04_待核对资料/补充文本源/pfoocc_英语二_2010-2023/2010/cloze/answer.tex,92,3889433286524876251acd502bac83976fdbd9fef890976c1a7dfca47768ae2a
04_待核对资料/补充文本源/pfoocc_英语二_2010-2023/2010/cloze/articles.tex,2207,dfc37188cbdb6347e7c708fa6ac058d3669234d4dcdad0370a6efa7a2e23f242
04_待核对资料/补充文本源/pfoocc_英语二_2010-2023/2010/cloze/main.tex,144,6b301cc6130d200ed356a9811bf2ed3922100ad2e07089a4003be90d0b8841ee
04_待核对资料/补充文本源/pfoocc_英语二_2010-2023/2010/cloze/options.tex,1943,967dc121a6f198c974ea8822b2421faba8dd2cb3386dbfd724a9b4e99e5f302e
04_待核对资料/补充文本源/pfoocc_英语二_2010-2023/2010/read/articles1.tex,2233,30cc66ecbaee9c211fbf74dca0ca0e6bfe385a75b0e261280a5ea65074bbf8f5
04_待核对资料/补充文本源/pfoocc_英语二_2010-2023/2010/read/articles2.tex,2217,ee43e257c298739ae9f966b28e6edb7920f6b4b3f5753f1cf47a390865b23d5e
04_待核对资料/补充文本源/pfoocc_英语二_2010-2023/2010/read/articles3.tex,2713,ae1759b05aa0d2725da8255ac7e8db5edcb3bd1330deff9181766c15b6a1a1c1
04_待核对资料/补充文本源/pfoocc_英语二_2010-2023/2010/read/articles4.tex,2537,bb4ccc479ec8b003ad5999aa34b9691491ad0e055484a3cd061bb4833a6207ce
04_待核对资料/补充文本源/pfoocc_英语二_2010-2023/2010/read/main.tex,119,7615cf39f55abf3710bb47c39a8439e3ce89347ae1ade99313b385dfef00c0b7
04_待核对资料/补充文本源/pfoocc_英语二_2010-2023/2010/read/options1.tex,1671,adac9b92d8603e4646e72ac7068002459e47b86b5b172f10c3f22221407960a8
04_待核对资料/补充文本源/pfoocc_英语二_2010-2023/2010/read/options2.tex,1525,58e240822a11d92f92c3e56467cf17ec4b2033d13d6b82c65d970f8adc50042e
04_待核对资料/补充文本源/pfoocc_英语二_2010-2023/2010/read/options3.tex,1201,b29d280d23eb9cfd083821ed43f665b7f6f54fb0e233d321a4b11da55fd0a9b6
04_待核对资料/补充文本源/pfoocc_英语二_2010-2023/2010/read/options4.tex,1680,65f7098ca8059443f7685d7596ed81d0227509ae2041038c35c1ff265d9e01f5
04_待核对资料/补充文本源/pfoocc_英语二_2010-2023/2010/read/read1_answer.tex,42,606be95a19343e1991fd5453612ef60d23900ad5d9458bacbdf5baddd5a9f835
04_待核对资料/补充文本源/pfoocc_英语二_2010-2023/2010/read/read1.tex,224,3f9119686f570a0e8189fdda0024cdb3e0959f496e7a120c0afa423b16828255
04_待核对资料/补充文本源/pfoocc_英语二_2010-2023/2010/read/read2_answer.tex,42,ced6318b04748caa622e333b45960a74e38e06e34d89841046296eb15cec221f
04_待核对资料/补充文本源/pfoocc_英语二_2010-2023/2010/read/read2.tex,224,6810d852c0db968cc511e362803c0c0b78270d24785779993811875d770e7c52
04_待核对资料/补充文本源/pfoocc_英语二_2010-2023/2010/read/read3_answer.tex,42,680b772d677bca1e77508e109c126dd87b3ec5f108cddac8c593877e940df3ba
04_待核对资料/补充文本源/pfoocc_英语二_2010-2023/2010/read/read3.tex,225,636d89c894e02069538ee84da6bb6609c858b1d6c5b792dfb6eb972a32d8f103
04_待核对资料/补充文本源/pfoocc_英语二_2010-2023/2010/read/read4_answer.tex,42,c39caf65eebecb053cff9df0991be8616d397a89713f2901628a3070fb727e18
04_待核对资料/补充文本源/pfoocc_英语二_2010-2023/2010/read/read4.tex,225,402531948d2a194f588a2c72c0749eba27001b9a3983788c1ec793c0d9816c86
04_待核对资料/补充文本源/pfoocc_英语二_2010-2023/2011/2011.tex,58,43f88185465c5ea00d654cd68f9043a383b17a7406cc87b5874c7704ed87ba50
04_待核对资料/补充文本源/pfoocc_英语二_2010-2023/2011/cloze/answer.tex,92,d2feb9d56d19ec93aa429536d529a9014930ea0c0ccfe72a52ec9fa45ea9f2e0
04_待核对资料/补充文本源/pfoocc_英语二_2010-2023/2011/cloze/articles.tex,2432,83baeef208300cbf424ab16aecefd7a9928309b476a565bf1751bab9986a58de
04_待核对资料/补充文本源/pfoocc_英语二_2010-2023/2011/cloze/main.tex,180,ab0894a71df17d90d89036e2a0314d87372236680c909dd684b925e244428a7a
04_待核对资料/补充文本源/pfoocc_英语二_2010-2023/2011/cloze/options.tex,1961,e9ebefe0e9d1d6dce41deeb6e96f9468e53c79a384817079a94bf04100f16e15
04_待核对资料/补充文本源/pfoocc_英语二_2010-2023/2011/read/articles1.tex,2337,6c4828ce31923c475353fc311d64677182df93572c72c1f345b2df758e1ea0e0
04_待核对资料/补充文本源/pfoocc_英语二_2010-2023/2011/read/articles2.tex,2071,a3845f7ce4cf7b06fed64f5f374f4e616b0aadab5eac7756ed887b089f253d01
04_待核对资料/补充文本源/pfoocc_英语二_2010-2023/2011/read/articles3.tex,2780,59803feabee927b70cfd9043e1ddd675c27b393d05c1c9d536bc26d3bfafa1db
04_待核对资料/补充文本源/pfoocc_英语二_2010-2023/2011/read/articles4.tex,2415,e847cb84028920b050e447755a7ea473d835f31902fd6ca38d5a23b8a2614149
04_待核对资料/补充文本源/pfoocc_英语二_2010-2023/2011/read/main.tex,119,618c94b13969284e4c93d9d45ecc8a709b23985ecf6a56073c38fcec946881da
04_待核对资料/补充文本源/pfoocc_英语二_2010-2023/2011/read/options1.tex,1269,a2b7132a50f8c3d7aba3bfc9dc25c018bc9beddff2a3ebcef0239ea6308cbab1
04_待核对资料/补充文本源/pfoocc_英语二_2010-2023/2011/read/options2.tex,1570,919c41b9afabb6372213a9038b674e914cc28ef70089c4a0aa23b03bdcc31270
04_待核对资料/补充文本源/pfoocc_英语二_2010-2023/2011/read/options3.tex,1456,9af54e6f03100ce204ca17a9c6890fbf442e7218ad02576037705c957517559a
04_待核对资料/补充文本源/pfoocc_英语二_2010-2023/2011/read/options4.tex,1413,88cacb217ecc56a7386721bbe1e659ea7d9a622de5d8cb3b5a9f7c0a6d907a82
04_待核对资料/补充文本源/pfoocc_英语二_2010-2023/2011/read/read1_answer.tex,42,9d17c6cb7301fdf4703235ffe27fc7efa038ceb99fcdf1637ac1fd65d3add7f3
04_待核对资料/补充文本源/pfoocc_英语二_2010-2023/2011/read/read1.tex,222,512607558a0fe85ea2fd5b4b96858b3146aa08c50b1ae0dcaad6e7866437cd18
04_待核对资料/补充文本源/pfoocc_英语二_2010-2023/2011/read/read2_answer.tex,42,4c2350e2d35e630bd0ea0c469156c7f0b1052cfaf2a4366ad7a65b874bdfc5d3
04_待核对资料/补充文本源/pfoocc_英语二_2010-2023/2011/read/read2.tex,222,38e911ffa3d04ffbf50b168953e31aa46574632211c504783ad20d690da70c02
04_待核对资料/补充文本源/pfoocc_英语二_2010-2023/2011/read/read3_answer.tex,42,fd3681a2f4c2a45fc024a569477853664378d74286a62642239c104c50317939
04_待核对资料/补充文本源/pfoocc_英语二_2010-2023/2011/read/read3.tex,224,620091ced67268327636ffde72cfb4208f606b99602eb98ee96ab5b36355c15d
04_待核对资料/补充文本源/pfoocc_英语二_2010-2023/2011/read/read4_answer.tex,42,24e258e179ab2273b1e87735ede7dcf846d910869722a61d633ab2d3e1a13520
04_待核对资料/补充文本源/pfoocc_英语二_2010-2023/2011/read/read4.tex,224,85bd2c582830396d6a86a441a58fc5f48d6ca45a818ae65014cdbb2cb03905eb
04_待核对资料/补充文本源/pfoocc_英语二_2010-2023/2012/2012.tex,58,66dbc23679a2b7ec1aee2dbb2100f3ae03ff21f9db216eb02ab22add951836cc
04_待核对资料/补充文本源/pfoocc_英语二_2010-2023/2012/cloze/answer.tex,92,a2fcf2bbf86179ba5fc4c33d4d0eb0824cf6197cc74ee92847922ec178393370
04_待核对资料/补充文本源/pfoocc_英语二_2010-2023/2012/cloze/articles.tex,2095,382f6be72f3ee5e97c8b321090c6c078c58a0b3768513db78beb44caf380dbd7
04_待核对资料/补充文本源/pfoocc_英语二_2010-2023/2012/cloze/main.tex,144,44c2fb68164f60e2e82ca970d6c79bad3a0297e557a1436d40d305bb6c9eb339
04_待核对资料/补充文本源/pfoocc_英语二_2010-2023/2012/cloze/options.tex,1960,9e19a76276cce046a8ff749d7a07034b6b7246c5f4c53045fcea748b7e36b889
04_待核对资料/补充文本源/pfoocc_英语二_2010-2023/2012/read/articles1.tex,2474,5ff5fab056b315dbf2932b984b187de432d274660ac52955a4ec7f2662acfdfd
04_待核对资料/补充文本源/pfoocc_英语二_2010-2023/2012/read/articles2.tex,2555,1ba57b712524d807772d690f09de961fe710f5b4f2ac79edcff33e9b63512358
04_待核对资料/补充文本源/pfoocc_英语二_2010-2023/2012/read/articles3.tex,2468,4d5fe1929282d1039c66e9bb9ba3702143af6f4098e1cdc05a4a5c4adc04578b
04_待核对资料/补充文本源/pfoocc_英语二_2010-2023/2012/read/articles4.tex,2522,178da093ee7e065e318013c107dfdb3b5bde9c1ba5f80b68dd15269213947035
04_待核对资料/补充文本源/pfoocc_英语二_2010-2023/2012/read/main.tex,119,25b32f4ba002998a326561d10bff9bc9fecb25b0a8793df0e52ddc4979124ae6
04_待核对资料/补充文本源/pfoocc_英语二_2010-2023/2012/read/options1.tex,1423,4fcca8395cfce639530a48c5045d707d4444942d3ef68ea85412a2f65641aa79
04_待核对资料/补充文本源/pfoocc_英语二_2010-2023/2012/read/options2.tex,1571,0d9ae1a687eb0620b7da1c7bc6331c4fcc0236dc6e5b78d9c00488d63e01b884
04_待核对资料/补充文本源/pfoocc_英语二_2010-2023/2012/read/options3.tex,1258,995cd52fcf185ff7871f135f3eecc6ae6c01e0318e7124e8259b8faf4f9265c3
04_待核对资料/补充文本源/pfoocc_英语二_2010-2023/2012/read/options4.tex,1388,0bf0dfe9bfc3b08981471c99c364d9ff62bc0410e141f8ebedd6e74ac3287ff7
04_待核对资料/补充文本源/pfoocc_英语二_2010-2023/2012/read/read1_answer.tex,42,bbcf62e12141db3f2bdf94aa903f24d93dcb9a454f4a6dfb3370e84d7c483f87
04_待核对资料/补充文本源/pfoocc_英语二_2010-2023/2012/read/read1.tex,222,af5a24cd9992bc46583837b6bdd33c5703023aedd444c6eb0bf26595db7d8172
04_待核对资料/补充文本源/pfoocc_英语二_2010-2023/2012/read/read2_answer.tex,42,ae46bdf26a006432b564dc9f7ff78864c77b1e85907c85be1dca4865f01ffb22
04_待核对资料/补充文本源/pfoocc_英语二_2010-2023/2012/read/read2.tex,225,a0256f658402ad7bef6fec23ee0e8fd8d3c2b86c3bad70a8ded4f27a5eaed225
04_待核对资料/补充文本源/pfoocc_英语二_2010-2023/2012/read/read3_answer.tex,42,84458b5e27d7d9ae9f3b88a486e1ed13131d63566c0d3d7067e92d09e8a6c4a0
04_待核对资料/补充文本源/pfoocc_英语二_2010-2023/2012/read/read3.tex,225,0362e2ab5a598986cc4337ae6d4da36c8dc4ee3c55a54c66417bbdf270486a8c
04_待核对资料/补充文本源/pfoocc_英语二_2010-2023/2012/read/read4_answer.tex,42,b0770ee297b1180fc01dcbfd243a77e5fbaaf9cef7dc731e7f1376f3a348b02b
04_待核对资料/补充文本源/pfoocc_英语二_2010-2023/2012/read/read4.tex,225,b9673a3872d2a1a2de2a2dfe03aa133d9a8715c670aba85dfb346c978f88e673
04_待核对资料/补充文本源/pfoocc_英语二_2010-2023/2013/2013.tex,58,312f0fdf2c01c90138f79e0f3a88acfb9134246427ee8227ce3cba140818107d
04_待核对资料/补充文本源/pfoocc_英语二_2010-2023/2013/cloze/answer.tex,92,a385bdaaf93fdeb19266d5df5bd77bc6c317f45ade18b76081d922479720d89f
04_待核对资料/补充文本源/pfoocc_英语二_2010-2023/2013/cloze/articles.tex,2307,d9bfe5934f62544defa94998e49f682ef9b2722b565c83662a27476b69dac8ca
04_待核对资料/补充文本源/pfoocc_英语二_2010-2023/2013/cloze/main.tex,144,2fa8bddf4786b2e9cd09db957a2492c931a1cb546e4ebd1bb2ccca873b07669f
04_待核对资料/补充文本源/pfoocc_英语二_2010-2023/2013/cloze/options.tex,1884,9676e820b37b1c3b9d397ec0c585dee9543b71ecb77d7f6b162ef5981c744652
04_待核对资料/补充文本源/pfoocc_英语二_2010-2023/2013/read/articles1.tex,2219,3356714ad74b9ba838b884486344339edf33bc0a5d1b127a97010b7dd1be8c35
04_待核对资料/补充文本源/pfoocc_英语二_2010-2023/2013/read/articles2.tex,2260,9bdc625cdf68723c35b9d45ebd7e2c12dd6b94eb74b12f30b1fb6b7f7c0112a0
04_待核对资料/补充文本源/pfoocc_英语二_2010-2023/2013/read/articles3.tex,2363,f08d684cca4c7fee919dedab35e38a2b120b38a799705bfdb62e454caf9bd088
04_待核对资料/补充文本源/pfoocc_英语二_2010-2023/2013/read/articles4.tex,2235,dfeadd921d45d636c1481d12f23cabcadd87bf4a33d9dc94d63eab9fd01ca8b4
04_待核对资料/补充文本源/pfoocc_英语二_2010-2023/2013/read/main.tex,119,fda1942be886d504452cde80cdfba972eb86f47a4019ccc8b82f3d945d0ae161
04_待核对资料/补充文本源/pfoocc_英语二_2010-2023/2013/read/options1.tex,1282,491822ce3366b31603abbb13c18e5c9f9879f32d1356fb62046870f434fcc887
04_待核对资料/补充文本源/pfoocc_英语二_2010-2023/2013/read/options2.tex,1221,e598bbf75ef0d6653e3267500dcfb41894afa15a1246fe62ed2b686788bdf6e3
04_待核对资料/补充文本源/pfoocc_英语二_2010-2023/2013/read/options3.tex,1120,5ae844454e23ed887a69465d5725774084d43bf0384f0e93986e3bc58446a201
04_待核对资料/补充文本源/pfoocc_英语二_2010-2023/2013/read/options4.tex,1086,be33bd7b62b0a9358da481308574894cdea88933c6305a011e8cb662077d91e7
04_待核对资料/补充文本源/pfoocc_英语二_2010-2023/2013/read/read1_answer.tex,42,9ccad5d76542f14a361dc0a35f928f37c1654c3550878fb815c479274765ce95
04_待核对资料/补充文本源/pfoocc_英语二_2010-2023/2013/read/read1.tex,225,9af6808bb5fed60a3c74c67479d711e95679102c0ac890688804694eea0f5453
04_待核对资料/补充文本源/pfoocc_英语二_2010-2023/2013/read/read2_answer.tex,42,f6fe9139d993ad8d2132dda67af38ea4e2fa277d5d430704dc7906aeb49b6429
04_待核对资料/补充文本源/pfoocc_英语二_2010-2023/2013/read/read2.tex,225,0798ee97f9c4e87bf591d86452608efdc61b7652a67761edfc46f72d53043d0b
04_待核对资料/补充文本源/pfoocc_英语二_2010-2023/2013/read/read3_answer.tex,42,ec612b5cbcbc5580ff2875a450427b5c0aced5c9ac0df5285b10b1017bece22b
04_待核对资料/补充文本源/pfoocc_英语二_2010-2023/2013/read/read3.tex,224,87d6f7890f4329572081d31e65d43e7da840221ce898b383cdcc96f5ef774f7b
04_待核对资料/补充文本源/pfoocc_英语二_2010-2023/2013/read/read4_answer.tex,42,258c5367502ece35f927a09840479a002874ce545b959030e443d35ecbd87ea7
04_待核对资料/补充文本源/pfoocc_英语二_2010-2023/2013/read/read4.tex,225,1122fb3d2b782bc3ef1c059c9b19713413779aa244a1a2f23c4fd652ee8f3b60
04_待核对资料/补充文本源/pfoocc_英语二_2010-2023/2014/2014.tex,58,67ddc24d06336dc0044c0bcb9aaf04cec0313766813320fdd7be4ef045a89fef
04_待核对资料/补充文本源/pfoocc_英语二_2010-2023/2014/cloze/answer.tex,92,8704c7634fa4c368fee520b9cff001ae0fa1501a271c6e7c93ac5a0ecbbcd3ba
04_待核对资料/补充文本源/pfoocc_英语二_2010-2023/2014/cloze/articles.tex,2310,5143c71ff4507649c44a95a68c5b8e367751949a139866b118081aa0ffa6ba11
04_待核对资料/补充文本源/pfoocc_英语二_2010-2023/2014/cloze/main.tex,181,ac05ecf93d985c14a9dfe4407fa63bfd5c13489df5ef3bac8f6ee3baf99b0f65
04_待核对资料/补充文本源/pfoocc_英语二_2010-2023/2014/cloze/options.tex,1957,fba6a3140c447fb6fdc2fbdc254c5b84624d4488091a5b4899652f902812bdb6
04_待核对资料/补充文本源/pfoocc_英语二_2010-2023/2014/read/articles1.tex,2393,07b4bfbcbc6edf047fe91c7ced167e4766d713b3139d5938573a554f8e09a50f
04_待核对资料/补充文本源/pfoocc_英语二_2010-2023/2014/read/articles2.tex,2655,ea655dd7855690b0bde7e40a2769c87313f24ebf97d09e081d55213547c6d501
04_待核对资料/补充文本源/pfoocc_英语二_2010-2023/2014/read/articles3.tex,2300,11b8493fc986cbfa1f3aaf3c59dd612239f82d3e60dee56c81b76aa65461c5ce
04_待核对资料/补充文本源/pfoocc_英语二_2010-2023/2014/read/articles4.tex,2353,9899966758f9c6492f58d79d0277f2af77be5f256aae0e65344a42a9e497fd76
04_待核对资料/补充文本源/pfoocc_英语二_2010-2023/2014/read/main.tex,119,b4bbf63d6e03b394e53e933d87974b54021fc955d037191b8ba4a0d5af470825
04_待核对资料/补充文本源/pfoocc_英语二_2010-2023/2014/read/options1.tex,1209,d12b559682fb65e7537b4335452c14f352971776b600b1ef49dbe678062a84cf
04_待核对资料/补充文本源/pfoocc_英语二_2010-2023/2014/read/options2.tex,1241,b25dc2937928f2bb15283ae8a5b75b3efd897f251c1be71b1db2bc8eb6d6fed4
04_待核对资料/补充文本源/pfoocc_英语二_2010-2023/2014/read/options3.tex,1502,1cc53ee49e37d1f552944f9f29e96ea8bfebfb2ff5e1c59a8185150295d18135
04_待核对资料/补充文本源/pfoocc_英语二_2010-2023/2014/read/options4.tex,1368,f0ad20bdebcd073cafcd3da2fd7ec0c82fe8dfe44371d07e27cbc4394d8ba783
04_待核对资料/补充文本源/pfoocc_英语二_2010-2023/2014/read/read1_answer.tex,42,f60e34d2cbd4763568aa3fd50ddf656954b697866d4098f8503063f25015aa0a
04_待核对资料/补充文本源/pfoocc_英语二_2010-2023/2014/read/read1.tex,225,c44c093d1583d1a8adba8e45aa366f58a3df2a9365ae0455008e4d1855b4a7c5
04_待核对资料/补充文本源/pfoocc_英语二_2010-2023/2014/read/read2_answer.tex,42,ac45a467f6f6242bfab2bf010a956d008c4e5f73a1b5a11ef36a1b7c802b44e1
04_待核对资料/补充文本源/pfoocc_英语二_2010-2023/2014/read/read2.tex,225,b868cd079d7bc24fd92d9a3a9a2ef6a41966d36bba5a5808a98f584a8b72b615
04_待核对资料/补充文本源/pfoocc_英语二_2010-2023/2014/read/read3_answer.tex,42,1be8eb37d38d535fff9674c65d0a7ce84c07cb6a308df20a4c3dcb87e244580a
04_待核对资料/补充文本源/pfoocc_英语二_2010-2023/2014/read/read3.tex,225,d4daaf8d6780c83adc8081d6562ef90cb94ca0ff8c11768fa2f59ab02ba2a426
04_待核对资料/补充文本源/pfoocc_英语二_2010-2023/2014/read/read4_answer.tex,42,2d5dd69287a0890ba7663b2438d72b45f2371a5f855cb3b7e77698c8554cee83
04_待核对资料/补充文本源/pfoocc_英语二_2010-2023/2014/read/read4.tex,224,ebc8fc1cf36dcf161ffcf6370db4b633c9ad3dd8cb3346f54dd2f280676421d8
04_待核对资料/补充文本源/pfoocc_英语二_2010-2023/2015/2015.tex,58,9763efc4947c28e6c1251846168bd095b20295586082b503e0ce79d3b859a471
04_待核对资料/补充文本源/pfoocc_英语二_2010-2023/2015/cloze/answer.tex,92,29fd58f7fbcd20c146e3057dadaff5b1f63101a2284688a9d7bc0dc82e218b08
04_待核对资料/补充文本源/pfoocc_英语二_2010-2023/2015/cloze/articles.tex,2295,86d0eeb23f8c47a54cb0a86cad8c678b8431525941b5fa66b6f2cc5f8e6e5489
04_待核对资料/补充文本源/pfoocc_英语二_2010-2023/2015/cloze/main.tex,181,b6ec91720c75e37fe7f7c554eae3d40166ea4485e4e16a219750edd8f77f6648
04_待核对资料/补充文本源/pfoocc_英语二_2010-2023/2015/cloze/options.tex,1911,19e0f1e86bbdb03c1c2a0fca0004376a52c6ed7c4655bc87b3278789166d485d
04_待核对资料/补充文本源/pfoocc_英语二_2010-2023/2015/read/articles1.tex,2353,932aff768b9cf38b9b7ff36cf4cea0ea0b976726ff9c7682601d7efb001a9bc9
04_待核对资料/补充文本源/pfoocc_英语二_2010-2023/2015/read/articles2.tex,2573,bc585e7edf3f6b8a1a09d7582187201cc9a476c31774eebf3a22407be7084688
04_待核对资料/补充文本源/pfoocc_英语二_2010-2023/2015/read/articles3.tex,2446,240557eda1eebe89a4834883aacf03107c39274d7c40e12a4a41cff30bf24280
04_待核对资料/补充文本源/pfoocc_英语二_2010-2023/2015/read/articles4.tex,2521,53aff9405c31c64b639fedcb6a4a59b82b1edc2f1b42d02ee7b18909e40e401c
04_待核对资料/补充文本源/pfoocc_英语二_2010-2023/2015/read/main.tex,119,8f18fb4d636c1f54bfaa755604959f9ee7b1332584c1e0dfe837255225e2dea7
04_待核对资料/补充文本源/pfoocc_英语二_2010-2023/2015/read/options1.tex,1280,3e94e9bcd09360f3086fbe8da7d680c9309329072b6cbd1a3f431aeeefbc248d
04_待核对资料/补充文本源/pfoocc_英语二_2010-2023/2015/read/options2.tex,1426,37880febb7bbc8ae1861608454f385aeabbb1f00dfccbaba2d377182e52325e5
04_待核对资料/补充文本源/pfoocc_英语二_2010-2023/2015/read/options3.tex,1124,d0b219efd5648a0d90164d81609b25b2b62f95148062e58636f08d79330c62b7
04_待核对资料/补充文本源/pfoocc_英语二_2010-2023/2015/read/options4.tex,1327,6a82a0050c8f10da197e1c657661434c968f5396742b3d4fdc91337edbad6748
04_待核对资料/补充文本源/pfoocc_英语二_2010-2023/2015/read/read1_answer.tex,42,4dd3c03aff88835592d03060b3e440c42cac60894df0a28bf78c5c7a00f11c7f
04_待核对资料/补充文本源/pfoocc_英语二_2010-2023/2015/read/read1.tex,224,ab6710167476d590870408cc3be36cda3fabd3768889408ad69884857c6786f6
04_待核对资料/补充文本源/pfoocc_英语二_2010-2023/2015/read/read2_answer.tex,42,11c99a1de146aa35b2697802563e7c7e9418db90ef1d60f0491ef0ba280298ba
04_待核对资料/补充文本源/pfoocc_英语二_2010-2023/2015/read/read2.tex,225,ef05911e43e09faecbe4f923bfa7f38b9468d14c5b49f995e76474dfb6cd853c
04_待核对资料/补充文本源/pfoocc_英语二_2010-2023/2015/read/read3_answer.tex,42,c8bf0fbf956730ade43f3f5cd229020387edda1f27c934afc2739ea8a484942b
04_待核对资料/补充文本源/pfoocc_英语二_2010-2023/2015/read/read3.tex,225,f9813ca25b7afcef9c8f38ecfdc272601919cf2f9c63f539468cb800f19e0a48
04_待核对资料/补充文本源/pfoocc_英语二_2010-2023/2015/read/read4_answer.tex,42,212528088132ba76f619808109758641fc6cc51b0d9cbbeaec8d29f038a5ebf5
04_待核对资料/补充文本源/pfoocc_英语二_2010-2023/2015/read/read4.tex,224,3671e1a2ec3136660fc0c3af10c37dbbef28c134872a2178f4f5dcc1b2d9e0c6
04_待核对资料/补充文本源/pfoocc_英语二_2010-2023/2016/2016.tex,58,00ba7a41fd18934551dbee8349552344f0bd17bff01ecb7fc39f0061e7aadf47
04_待核对资料/补充文本源/pfoocc_英语二_2010-2023/2016/cloze/answer.tex,92,6ad6355f02a7046c44ae2da60b56db8e804e0d0b83619225a203cfad8411d644
04_待核对资料/补充文本源/pfoocc_英语二_2010-2023/2016/cloze/articles.tex,2449,14af6e4252b84bf32348cec7838a785b1846afed312e699ab85700309ae7fc35
04_待核对资料/补充文本源/pfoocc_英语二_2010-2023/2016/cloze/main.tex,180,3b54d63f9803f8d0729a663740e84e1fe0d56243fe02da762b4fd320d15effc5
04_待核对资料/补充文本源/pfoocc_英语二_2010-2023/2016/cloze/options.tex,1924,770c85d677e678b8ff2238bae4022f56649b2031aab5895dc88b5060d9d900ad
04_待核对资料/补充文本源/pfoocc_英语二_2010-2023/2016/read/articles1.tex,2392,b0dbd5fdc6b929afe44d388637db0b96257239fd543a2be0cfe9822a9cfe6d23
04_待核对资料/补充文本源/pfoocc_英语二_2010-2023/2016/read/articles2.tex,2547,f34644f9dd99686b944aa53c4419908969fb10dcad4e8e6145b4a6168b13bd66
04_待核对资料/补充文本源/pfoocc_英语二_2010-2023/2016/read/articles3.tex,2514,6b7ee63b98b0bfda18a7eb5a9ee2d1ffd282e6f2018001daf8691330360391fe
04_待核对资料/补充文本源/pfoocc_英语二_2010-2023/2016/read/articles4.tex,2593,e29a1d703ac25f7ca38be974c20d72c3567d9d037a8067db9a32ad17c4c5d6d3
04_待核对资料/补充文本源/pfoocc_英语二_2010-2023/2016/read/main.tex,119,08d0a044921e7a6dd47d94116f5c86bd40ac4b7d4a65291b69817615c6e39b33
04_待核对资料/补充文本源/pfoocc_英语二_2010-2023/2016/read/options1.tex,1279,81494913c1ea4face2d52a5e2427a63c8f9749636859f01843f9b85d1ae22277
04_待核对资料/补充文本源/pfoocc_英语二_2010-2023/2016/read/options2.tex,1337,ea61b0a181a6e0c19137761cdd149b58474bca2b4325f85de54dbaa1415db110
04_待核对资料/补充文本源/pfoocc_英语二_2010-2023/2016/read/options3.tex,1384,0ba21b09ed8b58ed3df19e4e4449ba047bc115fea22157bad7e6a3f28b1c63b5
04_待核对资料/补充文本源/pfoocc_英语二_2010-2023/2016/read/options4.tex,1384,022fffb5de5da5c3ef2bb6c8093e2f487a4a16b57c60b3f705e57b7b58ff5039
04_待核对资料/补充文本源/pfoocc_英语二_2010-2023/2016/read/read1_answer.tex,42,8645875dbe69619ce5356b773ef89a9e9f108e39342faed60c93f086a4f0ab56
04_待核对资料/补充文本源/pfoocc_英语二_2010-2023/2016/read/read1.tex,224,86c7172adf3a60c8d7ca1f157eef490d96e537cb81e59d35fb645daae148d5d5
04_待核对资料/补充文本源/pfoocc_英语二_2010-2023/2016/read/read2_answer.tex,42,9c33b4a743964a04079304535636c3f1dc55a0017a5af4b5d46a2512bbecea11
04_待核对资料/补充文本源/pfoocc_英语二_2010-2023/2016/read/read2.tex,224,0ba45fd1d72303b54aa4d934973733f5cdc9478f5ce4c9dae75043f48b29711f
04_待核对资料/补充文本源/pfoocc_英语二_2010-2023/2016/read/read3_answer.tex,42,7d46ed8cd97504ec3676fcc1d5f1f91b06e0dc58792c7d012c23c49d3486ef76
04_待核对资料/补充文本源/pfoocc_英语二_2010-2023/2016/read/read3.tex,224,16bebaf9fa1d8ddff05e884ad544d4d95ef8a6b9154a4c42e859762ae04157b9
04_待核对资料/补充文本源/pfoocc_英语二_2010-2023/2016/read/read4_answer.tex,42,2e6c063f99efb333d5239f8676431e2d578b6da71b726781b448d7a23dca0a70
04_待核对资料/补充文本源/pfoocc_英语二_2010-2023/2016/read/read4.tex,225,bfed6d18cd59a987af1ee6d1bcab9dd06c80d56605a7b2c21018029a242232ce
04_待核对资料/补充文本源/pfoocc_英语二_2010-2023/2017/2017.tex,58,e9779b42939aa21b6ee0985f466c3b2f6fd8832e0596b6ce2157f122a3e23368
04_待核对资料/补充文本源/pfoocc_英语二_2010-2023/2017/cloze/answer.tex,92,42a4f8b949eb74d324deda37b471ba0b44bdfce2a7774b2f0541cc29c596a45d
04_待核对资料/补充文本源/pfoocc_英语二_2010-2023/2017/cloze/articles.tex,2293,b5cae8354e876621266280357564266f83af6a3b621b7a7de43fd623758984e8
04_待核对资料/补充文本源/pfoocc_英语二_2010-2023/2017/cloze/main.tex,144,ea17a32c0d9da573cbe9dac7f7c5276ed091fca4af684b875cb7e6eff527ac9a
04_待核对资料/补充文本源/pfoocc_英语二_2010-2023/2017/cloze/options.tex,1986,07531dd72859c4cf83d3a017fda31932b670f97f830aa19725b34dd22278ce0d
04_待核对资料/补充文本源/pfoocc_英语二_2010-2023/2017/read/articles1.tex,2439,711c704c3398e4a1e3d7c05d023dce03caa7b67a1a0af6ffdb11f2f419b00207
04_待核对资料/补充文本源/pfoocc_英语二_2010-2023/2017/read/articles2.tex,2481,65597a38a88a66d03ac917785becedec6b0d5d9e16c12125ae2574e026088b99
04_待核对资料/补充文本源/pfoocc_英语二_2010-2023/2017/read/articles3.tex,2452,443e2fe5da9f9964e15bdf2386c6b35f5696e9861879045c399f3409509872b2
04_待核对资料/补充文本源/pfoocc_英语二_2010-2023/2017/read/articles4.tex,2451,310be6a74bafc8b55db82e53632cfdc2b71b9e0dcf11a069a9dd9884ccf3ece0
04_待核对资料/补充文本源/pfoocc_英语二_2010-2023/2017/read/main.tex,119,997189bdcb963a7e744bfcb4db242d37235daf2d373b57e2dc3d59424dc07309
04_待核对资料/补充文本源/pfoocc_英语二_2010-2023/2017/read/options1.tex,1164,ffac0cbb1acc585a3405b481342993ec6fb972f8c7d5b4ca8707b42c47b8dac1
04_待核对资料/补充文本源/pfoocc_英语二_2010-2023/2017/read/options2.tex,1441,e36473d227a3c66a11d9704db574accdc1352ff577227b9179f62c4331315f90
04_待核对资料/补充文本源/pfoocc_英语二_2010-2023/2017/read/options3.tex,1229,ee728152015195c05a2f38f1f4d8bdc1e400c21ec0c499e22f81e1abd82934d6
04_待核对资料/补充文本源/pfoocc_英语二_2010-2023/2017/read/options4.tex,1436,76855aaef8a15c9aaef2d2a051fa28616f94e172d8acc12998d0b8cc628aa5ca
04_待核对资料/补充文本源/pfoocc_英语二_2010-2023/2017/read/read1_answer.tex,42,fd428b40b428fb8f80b3f57ffc31be92293fac58483eb147950c49dfb5e16fa8
04_待核对资料/补充文本源/pfoocc_英语二_2010-2023/2017/read/read1.tex,224,4cd5904913a0e507401f30a73e6a069508f90bf0d816240d26daf3fda20b1e05
04_待核对资料/补充文本源/pfoocc_英语二_2010-2023/2017/read/read2_answer.tex,42,0ca6264fed5377600011ea607cbee428b9ce52594172970a4d7feeb7276eed6f
04_待核对资料/补充文本源/pfoocc_英语二_2010-2023/2017/read/read2.tex,224,45ffc5a812f14f97c72a1f7a4540c17d2a80dd8e65e7bc2a5427ca62c8c63fbe
04_待核对资料/补充文本源/pfoocc_英语二_2010-2023/2017/read/read3_answer.tex,42,65bdae95c484c8fbe940c3cca513cb9b66af50438baaff34918994c31026c9a4
04_待核对资料/补充文本源/pfoocc_英语二_2010-2023/2017/read/read3.tex,224,3cc0679b461583507d8e7a71b74003cdb1aa0071fc1634d9427f25b88eeede81
04_待核对资料/补充文本源/pfoocc_英语二_2010-2023/2017/read/read4_answer.tex,42,304cb614f825cb162ecf57164c662c872f4ba11989f1e7e3cd41553a5c76d82f
04_待核对资料/补充文本源/pfoocc_英语二_2010-2023/2017/read/read4.tex,224,e984afa1e3c5ac5b6d360b06f3022777625a50a94dc518f28b46f7ecd6786a01
04_待核对资料/补充文本源/pfoocc_英语二_2010-2023/2018/2018.tex,58,457d66ba1e69c136907c6746a4e7a84e5045b4265649176a113be36c37d7f34a
04_待核对资料/补充文本源/pfoocc_英语二_2010-2023/2018/cloze/answer.tex,92,b6bfa25bc72413438f0d91b84e9b904ce47eae64a981871b4ac69d943523182d
04_待核对资料/补充文本源/pfoocc_英语二_2010-2023/2018/cloze/articles.tex,2321,194fe89a7ef2cf5dbdfc26d1fc2419bce55fb25af9df445d89230c313940c30c
04_待核对资料/补充文本源/pfoocc_英语二_2010-2023/2018/cloze/main.tex,180,39a437cccacba7058080f402f082765227d5444392f01df77d0e7a23b7181b73
04_待核对资料/补充文本源/pfoocc_英语二_2010-2023/2018/cloze/options.tex,1904,453e35a7295410c25b147fb0f4a83a5b4ef9f5fd6067aff62e463774dea88c28
04_待核对资料/补充文本源/pfoocc_英语二_2010-2023/2018/read/articles1.tex,2254,c2be494a0f98cdfc6d454a3194b04453649751020e55577876d41f0726d4c65d
04_待核对资料/补充文本源/pfoocc_英语二_2010-2023/2018/read/articles2.tex,2472,4891dbc388896f531df6174eed9f78aa97eff77ec6eec24ac7c399b99b111503
04_待核对资料/补充文本源/pfoocc_英语二_2010-2023/2018/read/articles3.tex,2308,5a3d6d9369a8f4de34068145cb26b218c091476f762b9537c5f46dc89ea6a545
04_待核对资料/补充文本源/pfoocc_英语二_2010-2023/2018/read/articles4.tex,2471,d81398ddfffacfa042297a734b1d18f61404af0e89416d0d5d6fcd6b1791721c
04_待核对资料/补充文本源/pfoocc_英语二_2010-2023/2018/read/main.tex,119,e61afc9722c103468354afe60ca29d82c9b29a985496adc8e72429b02cc5e794
04_待核对资料/补充文本源/pfoocc_英语二_2010-2023/2018/read/options1.tex,1233,a36c500ea406031d692f647a0315a635c5aba76d26375dbbc2e54f5a80056613
04_待核对资料/补充文本源/pfoocc_英语二_2010-2023/2018/read/options2.tex,1329,d02c92d2947f7b49b0d664117db9cbf89831b92a93ef88792f3ff846632ed859
04_待核对资料/补充文本源/pfoocc_英语二_2010-2023/2018/read/options3.tex,1326,2681b0a972211254bb4655083c2d5f42ac6792488b01f304d6fe0ee33d9343ff
04_待核对资料/补充文本源/pfoocc_英语二_2010-2023/2018/read/options4.tex,1361,85156135a57d6a6daf77ac7b232364c8402cb3cc2dd383f5cf9afcd66b8d8f16
04_待核对资料/补充文本源/pfoocc_英语二_2010-2023/2018/read/read1_answer.tex,42,ab6920d55cf7d7326a37f000c36b6c3dd26ceb107e5c470692f6a10485d398dd
04_待核对资料/补充文本源/pfoocc_英语二_2010-2023/2018/read/read1.tex,224,6a7c95622f864c983956510d9cad303e68b488f3535ea1bf21d6b7e12c62c443
04_待核对资料/补充文本源/pfoocc_英语二_2010-2023/2018/read/read2_answer.tex,42,a6de0f5e659ec2b361b1d49d52048f408f745c5da43b60c4a9d418f0f6c27e92
04_待核对资料/补充文本源/pfoocc_英语二_2010-2023/2018/read/read2.tex,224,f11b0c124ed715ae1619400941de4c1236b5d24d7bae9f32dfa9fdb59f6a76aa
04_待核对资料/补充文本源/pfoocc_英语二_2010-2023/2018/read/read3_answer.tex,42,d4a08cf6c6452c11e99402731f75405f73de8be998deb8e3fefcb4275969ef06
04_待核对资料/补充文本源/pfoocc_英语二_2010-2023/2018/read/read3.tex,225,be16018fa83c4e20d47d9cb754b28533577b7a095725c0af5c574de41393946c
04_待核对资料/补充文本源/pfoocc_英语二_2010-2023/2018/read/read4_answer.tex,42,18609e0f4c8523028dc6ef3941c7cbf094c52ddcdd0f8719fa6002f5a7a28f03
04_待核对资料/补充文本源/pfoocc_英语二_2010-2023/2018/read/read4.tex,224,abc3c36c9662705a616cf0469bb5675cd6c0db09701b8b711ccec27e55ed0185
04_待核对资料/补充文本源/pfoocc_英语二_2010-2023/2019/2019.tex,58,0fda757a72df700d2d0407320cc94f7d7a5dbcc88d7817d7857c12ee16d8482e
04_待核对资料/补充文本源/pfoocc_英语二_2010-2023/2019/cloze/answer.tex,92,88b78f6f939f175a4fd892d765ad0489be13a17e2eebeab107ec73a4dbd6fe0b
04_待核对资料/补充文本源/pfoocc_英语二_2010-2023/2019/cloze/articles.tex,2158,11f933c1a1b2a7b0aa20883cfc29336c7eaddf4b191b8323badafffe478d95f4
04_待核对资料/补充文本源/pfoocc_英语二_2010-2023/2019/cloze/main.tex,144,91e7d87a3efc38b2348610b877f7601951000b53bf2baa9ea1f422b8f8204a3d
04_待核对资料/补充文本源/pfoocc_英语二_2010-2023/2019/cloze/options.tex,1935,13750077ac56899f383e8ad1a4b013688c277a2247e845ee98bbcbb90eeac563
04_待核对资料/补充文本源/pfoocc_英语二_2010-2023/2019/read/articles1.tex,2560,53573c1e779b32edef4c221398215994de5fa2f0d7a2c94afe03d21a459d49c1
04_待核对资料/补充文本源/pfoocc_英语二_2010-2023/2019/read/articles2.tex,2360,6e39b8dad1ab18ce4896f3d6a925f0316fc022d1409adee7c4952cf4419b97ad
04_待核对资料/补充文本源/pfoocc_英语二_2010-2023/2019/read/articles3.tex,2587,81ef7a739c5f846dd6d9f65c2b364f947e43cbb827a64129e62837d500d0da7e
04_待核对资料/补充文本源/pfoocc_英语二_2010-2023/2019/read/articles4.tex,2657,811f037fa12768fc8f277c523f3ec1a05dab0a002997ed47967ea74bef6dff45
04_待核对资料/补充文本源/pfoocc_英语二_2010-2023/2019/read/main.tex,119,4ddfade603132f7e0308b07f52f704bf3c83869e22bd8f0c72449ae9dad64eef
04_待核对资料/补充文本源/pfoocc_英语二_2010-2023/2019/read/options1.tex,1238,c4d1896e347f22cbe85e1ca3ff7d2cf4cf89a7a3a999b1c20e833342fee0c37c
04_待核对资料/补充文本源/pfoocc_英语二_2010-2023/2019/read/options2.tex,1360,aeb2fa97bf8a448e7fb30108b017ba571214b3a4453e9ac300530d2332548aa2
04_待核对资料/补充文本源/pfoocc_英语二_2010-2023/2019/read/options3.tex,1365,ac21fb49063e480bb2aaadf0aeebcbceea6de299341f211aa26bf57130e2cdb0
04_待核对资料/补充文本源/pfoocc_英语二_2010-2023/2019/read/options4.tex,1342,6e6131927f8fec6bfbc13512a46edadd452734fae366892765e67a9ad2a12ecf
04_待核对资料/补充文本源/pfoocc_英语二_2010-2023/2019/read/read1_answer.tex,42,fe5a941d21d18d6af543075a19fe02e56ea1f8b9d3bb0ad3cc34be7c619f0190
04_待核对资料/补充文本源/pfoocc_英语二_2010-2023/2019/read/read1.tex,225,2ea9b58e17d59f0651801695e070799b851c9b076717e0ec5908210744fc5b3d
04_待核对资料/补充文本源/pfoocc_英语二_2010-2023/2019/read/read2_answer.tex,42,1c824ac22456a195c8db8e2b4ea0f2a0a2ec9c35fc6ac830446ea3a89186bd34
04_待核对资料/补充文本源/pfoocc_英语二_2010-2023/2019/read/read2.tex,224,322ae52c3c612270b3c904e122104db71c6fd06b8c5dd3db83dddb67c1a284c3
04_待核对资料/补充文本源/pfoocc_英语二_2010-2023/2019/read/read3_answer.tex,42,fe1e70bff9fff6a3e0e414e1afe49ed1d80471fd675c1c0ea6842421e5768cac
04_待核对资料/补充文本源/pfoocc_英语二_2010-2023/2019/read/read3.tex,225,717f3bf559a7534aa2883fdbddb8afd6593f38e99449c4ff8378193d83a8df26
04_待核对资料/补充文本源/pfoocc_英语二_2010-2023/2019/read/read4_answer.tex,42,98b9255329194e48fd307d82cd2a29ffdaa8c400ed828f90a53a7ffc802bfad0
04_待核对资料/补充文本源/pfoocc_英语二_2010-2023/2019/read/read4.tex,225,2e37cd74eb47044c3d83d989adbbe60cfb38730356702b25d0ef2695d33fd02f
04_待核对资料/补充文本源/pfoocc_英语二_2010-2023/2020/2020.tex,58,0a333af406f36ad8941912f5f24e0cf14f292fd3bc1907cacd259a8a09f9e6d0
04_待核对资料/补充文本源/pfoocc_英语二_2010-2023/2020/cloze/answer.tex,92,0e7fdb7af1cb3aba6a5d997b6e418adf11814d9be4e98752ca950763184f07c4
04_待核对资料/补充文本源/pfoocc_英语二_2010-2023/2020/cloze/articles.tex,2338,f98257a7def901f79f9c6184e264072ba2722862b0b9bd14511ae6d3a375e239
04_待核对资料/补充文本源/pfoocc_英语二_2010-2023/2020/cloze/main.tex,181,f7470fbdf3610fcbf32368792b5744cbaeb0c9f8b5f32880772e955f57dd4b7f
04_待核对资料/补充文本源/pfoocc_英语二_2010-2023/2020/cloze/options.tex,1896,5d8d1aa78bca960aa8fbd57cd626f12b6fbf9bb183b47054787bac6478e62102
04_待核对资料/补充文本源/pfoocc_英语二_2010-2023/2020/read/articles1.tex,2437,878a84cb1d899e40d3f473dee5fc55f4d11f449b8b7991890884b1a27d246c37
04_待核对资料/补充文本源/pfoocc_英语二_2010-2023/2020/read/articles2.tex,2317,ecb817cdb94635b8fdf02774cff800694e7692081df74dea528ae6d8d76d4488
04_待核对资料/补充文本源/pfoocc_英语二_2010-2023/2020/read/articles3.tex,2436,b6f96f277901f5d0fc5bea649308dd1d8378560af1d942d3bcfd4f948b6765c1
04_待核对资料/补充文本源/pfoocc_英语二_2010-2023/2020/read/articles4.tex,2605,f2ab50c7100836fbff5183cad878163cdf193bce3e66745826ac16c5003ef895
04_待核对资料/补充文本源/pfoocc_英语二_2010-2023/2020/read/main.tex,119,4e4e67284ac8538e6aba2da36f5f1df93c2005e2ea4f0250df2e4a688e99b22b
04_待核对资料/补充文本源/pfoocc_英语二_2010-2023/2020/read/options1.tex,1393,6df2b7ed9384b52f43e8971624f2db024d4f9eac2a21bcc3ff46dfd6d41f2d69
04_待核对资料/补充文本源/pfoocc_英语二_2010-2023/2020/read/options2.tex,1285,8e0a50bab66b0bb17ac1c2d73fa1f1f4446ff0e258f25f7a7b168951d99a16a6
04_待核对资料/补充文本源/pfoocc_英语二_2010-2023/2020/read/options3.tex,1284,4509c70d747b94dd14cae73f6d9130c212ccc057e49c9df4a50b8509f2968ae2
04_待核对资料/补充文本源/pfoocc_英语二_2010-2023/2020/read/options4.tex,1180,22f07e76131a271c05b163504002f254ceb46b9acbc2e356034ffbc67ac124c1
04_待核对资料/补充文本源/pfoocc_英语二_2010-2023/2020/read/read1_answer.tex,42,982a124fef932ce9dd8f4452c3521512f9973f1ddaae6c22fa2ba5d6e0ce6b21
04_待核对资料/补充文本源/pfoocc_英语二_2010-2023/2020/read/read1.tex,225,0710eb348a1b608e17d3e018932ea76b8899f90abfd01802ed522c5f402e6127
04_待核对资料/补充文本源/pfoocc_英语二_2010-2023/2020/read/read2_answer.tex,42,3854129c8b344ebaf27951ec16688ef4fa91dbc9274fa9079c222b848a236131
04_待核对资料/补充文本源/pfoocc_英语二_2010-2023/2020/read/read2.tex,222,969d40c4ad33b5a8846a11a2adde8831ac888007eb12ba7e7eb4614be3d933a9
04_待核对资料/补充文本源/pfoocc_英语二_2010-2023/2020/read/read3_answer.tex,42,fcace2551d73b0989229da63c77057a79ac7adc8053eb8f2648ddf63eea1edf6
04_待核对资料/补充文本源/pfoocc_英语二_2010-2023/2020/read/read3.tex,224,d37f3bd6c3569807c7a106d653ab36acfe50c2b7a5f81a1446bb2596599a178c
04_待核对资料/补充文本源/pfoocc_英语二_2010-2023/2020/read/read4_answer.tex,42,840e178e753b4084b675c5e4ad033e063ea77205f8b4b16d7ff6413af541732c
04_待核对资料/补充文本源/pfoocc_英语二_2010-2023/2020/read/read4.tex,224,c5c8cb49e54c9a380f65924a0a6bcebb58b1721da042d6b40f8b6ee892abd5a0
04_待核对资料/补充文本源/pfoocc_英语二_2010-2023/2021/2021.tex,58,484e38383496d2db49c603334d983f78373489a237016fc0fbba7a40f751e403
04_待核对资料/补充文本源/pfoocc_英语二_2010-2023/2021/cloze/answer.tex,92,3394401da2f0da70f9ecd01e3184ee36a61224306c64fc5ddf93641743792d46
04_待核对资料/补充文本源/pfoocc_英语二_2010-2023/2021/cloze/articles.tex,2277,58e1d0ef6a313210071541b26d6f664b726149bbfbe2dc4c094a89f28a4584ac
04_待核对资料/补充文本源/pfoocc_英语二_2010-2023/2021/cloze/main.tex,180,ec8408f4ff2eddcf8319cef2a4e786c6e9440f986a6dd78f133e6035c2a9dcd9
04_待核对资料/补充文本源/pfoocc_英语二_2010-2023/2021/cloze/options.tex,1908,1ccba8c438b284d729c9251bff67c03433646cf03daf0f7d77b94c6c74aaab96
04_待核对资料/补充文本源/pfoocc_英语二_2010-2023/2021/read/articles1.tex,2378,0f12925f764cd5a65526511be97eb9a24e1ece27481c7be133137818c14d44e6
04_待核对资料/补充文本源/pfoocc_英语二_2010-2023/2021/read/articles2.tex,2267,3e7c864e0c4b5858b00dc9ff9dadd9b97767d9d900797550b9c84071652cf71c
04_待核对资料/补充文本源/pfoocc_英语二_2010-2023/2021/read/articles3.tex,2480,495f8a9d1de5486d89a2da806feb167a000322077211f19e58575c7dcf02f56e
04_待核对资料/补充文本源/pfoocc_英语二_2010-2023/2021/read/articles4.tex,2722,7ec7dd7996331188b6cffb5e16f4525c993b2368f84cf976122352b859e30766
04_待核对资料/补充文本源/pfoocc_英语二_2010-2023/2021/read/main.tex,119,f9e958f49d83beaa01936960ca2951317deb4e63426616b6f29a38cb826b20d8
04_待核对资料/补充文本源/pfoocc_英语二_2010-2023/2021/read/options1.tex,1295,b93a0fffcc28828ecdf18ec373e60bdb732160b39ddafa51c62914c6630e720b
04_待核对资料/补充文本源/pfoocc_英语二_2010-2023/2021/read/options2.tex,1292,5878e0a3868e865d91f158feb4774f99a2b22d44df304f061f52009528f0a561
04_待核对资料/补充文本源/pfoocc_英语二_2010-2023/2021/read/options3.tex,1255,96c1bb1b3906285e92c69d28a3a424e3678715cb4f5bc6880eb0ae8ff9441051
04_待核对资料/补充文本源/pfoocc_英语二_2010-2023/2021/read/options4.tex,1206,017ac7bcc4ad4fc3b3f6539c30b4c9f2b0cf4472e6e01d1cbff3aa10fa53801c
04_待核对资料/补充文本源/pfoocc_英语二_2010-2023/2021/read/read1_answer.tex,42,88739191c7a8bc5c491b25a338bb686fd3d95bcd241619312e3b2ab6f6d69201
04_待核对资料/补充文本源/pfoocc_英语二_2010-2023/2021/read/read1.tex,225,ca445876651683c8e96ce2505e914971fde713a2e5ba81a5c363d4bad69a7c8b
04_待核对资料/补充文本源/pfoocc_英语二_2010-2023/2021/read/read2_answer.tex,42,980d4fa7dc45bbe5d24e8072b6d56644ebfd5ca4f71290c39c4270c54bcde937
04_待核对资料/补充文本源/pfoocc_英语二_2010-2023/2021/read/read2.tex,225,2179694b64da7019f8818b790971d7eb5ca8ce0e9d3567a8d342356d36fc6fb3
04_待核对资料/补充文本源/pfoocc_英语二_2010-2023/2021/read/read3_answer.tex,42,35a787f199ee4a7d49d04fd2a11396f6dfe3dbce80d8c0ef80d11806c48fd47d
04_待核对资料/补充文本源/pfoocc_英语二_2010-2023/2021/read/read3.tex,225,6c8edf89d8705eeb1e37adeecb1d5cd7f6ac2089cc1cfe7542f7021b5b9b8ac3
04_待核对资料/补充文本源/pfoocc_英语二_2010-2023/2021/read/read4_answer.tex,42,03094917605f692903c33adb4e4a273f0374e704d28f46ea4e25e01e03a935b4
04_待核对资料/补充文本源/pfoocc_英语二_2010-2023/2021/read/read4.tex,225,432779ddfc29542cd317e54e836de13c9e6b78fd0fe6800a0c3d930cefcc6b95
04_待核对资料/补充文本源/pfoocc_英语二_2010-2023/2022/2022.tex,58,a8ef1b008733cfcbaf67d10e2ffd9b1b1110e031572b7947ec3048ad8f3492e3
04_待核对资料/补充文本源/pfoocc_英语二_2010-2023/2022/cloze/answer.tex,92,dcbdb89c382abb44678ea68e67cb48902950489b1133c174c97102454bb3de76
04_待核对资料/补充文本源/pfoocc_英语二_2010-2023/2022/cloze/articles.tex,2096,381755554aa6244d4f50474e90db3aa4f9fd1186237ce50a8cf3471993784084
04_待核对资料/补充文本源/pfoocc_英语二_2010-2023/2022/cloze/main.tex,144,df38b531ba6e47d3547af599aa7b15b5757f4f3f3b145b42f960562877d5e750
04_待核对资料/补充文本源/pfoocc_英语二_2010-2023/2022/cloze/options.tex,1982,ba58cef702d4d71e19359f680e5807ddcbfba44eee8478908e55179eb3e33333
04_待核对资料/补充文本源/pfoocc_英语二_2010-2023/2022/read/articles1.tex,2532,901b6e3654ba24eed5fc445ae4823c4bc1ba08da524d128a16182356208a336d
04_待核对资料/补充文本源/pfoocc_英语二_2010-2023/2022/read/articles2.tex,2931,b6ad3e37eafcdc0f86b2f6d6eeec2d858cdc563bdf3cabe46fbf822ff26abc06
04_待核对资料/补充文本源/pfoocc_英语二_2010-2023/2022/read/articles3.tex,2642,803e8d1b71fac3f449090a96555012a073e484e48a30e0315f3f0bfd2c24748e
04_待核对资料/补充文本源/pfoocc_英语二_2010-2023/2022/read/articles4.tex,2862,0cf9a19311552cc42b398799172cb061ddec574c348646e3e4963181189a01c1
04_待核对资料/补充文本源/pfoocc_英语二_2010-2023/2022/read/main.tex,119,c72fb2515de29727910b5fed8ac61a6766a6d24a631423a094a692221f5689c1
04_待核对资料/补充文本源/pfoocc_英语二_2010-2023/2022/read/options1.tex,1272,d9a927eb808b1387e8e1931fb3ce270f463dc4db40569dc1f7a31b26200eb55a
04_待核对资料/补充文本源/pfoocc_英语二_2010-2023/2022/read/options2.tex,1223,53b7dc12362f86f51c9b454027552a65f08542a4bf7027fba6a18a4248c33168
04_待核对资料/补充文本源/pfoocc_英语二_2010-2023/2022/read/options3.tex,1234,fdc330ebe1cfc01fd239b2586e06dd325c68019db5a9f605ea83cbbf642cf54a
04_待核对资料/补充文本源/pfoocc_英语二_2010-2023/2022/read/options4.tex,1235,6f527ea3631001d918e1d3501bd731228453b50d718ae89e31b5cfed647e004d
04_待核对资料/补充文本源/pfoocc_英语二_2010-2023/2022/read/read1_answer.tex,42,7c275c12798bd4e8d413592df2ee05bbecfc2737c5c49aa47cdeca8eda6f65ed
04_待核对资料/补充文本源/pfoocc_英语二_2010-2023/2022/read/read1.tex,225,df80a023cd871dfe47fdf79c996d1c935888d351a4ed484e0a243e8dbdf5a80c
04_待核对资料/补充文本源/pfoocc_英语二_2010-2023/2022/read/read2_answer.tex,42,0f44c9f37be172cc67f7c2e3ae611aa952260dcf46aa413d5ba1a0f09afaed7c
04_待核对资料/补充文本源/pfoocc_英语二_2010-2023/2022/read/read2.tex,225,36859b71de0b2eb3d365c1e49cc64c9ecc5d7131ff22f1ce725c091e2444df68
04_待核对资料/补充文本源/pfoocc_英语二_2010-2023/2022/read/read3_answer.tex,42,2e7eaa46b653f25836746bf0394ca6d97659753e14382496294ee3918ea86565
04_待核对资料/补充文本源/pfoocc_英语二_2010-2023/2022/read/read3.tex,225,50dd0da7475222bd70f57b8fdb1910c9536a9539616c1fe529855b20df879239
04_待核对资料/补充文本源/pfoocc_英语二_2010-2023/2022/read/read4_answer.tex,42,ac8aec5ec78fd9c837a5371cfa92c024c805fc92ffc34e8a28ebffce3c217f6a
04_待核对资料/补充文本源/pfoocc_英语二_2010-2023/2022/read/read4.tex,225,55f6a4439f4a2c1f8da0a28a841b9aab6242f49bd4c93995a84f6784e1e7fe67
04_待核对资料/补充文本源/pfoocc_英语二_2010-2023/2023/2023.tex,58,fd1756c85883b15e67ca11261d522a5e1bc5ff00800b313d3be45ecc46ed9c3e
04_待核对资料/补充文本源/pfoocc_英语二_2010-2023/2023/cloze/answer.tex,92,530d76e60ce2fe0d5ae2dc654a88c0710532197470b487f42a2e9f3787da9192
04_待核对资料/补充文本源/pfoocc_英语二_2010-2023/2023/cloze/articles.tex,2245,b8f3565fb22baec61eb6a22ab1b353d9580c94978eaeba93ac5d1aba6613d940
04_待核对资料/补充文本源/pfoocc_英语二_2010-2023/2023/cloze/main.tex,144,1563261ea8f42b09ef555fcb2351e067e9264d5969a8be30a044c7aee32678ca
04_待核对资料/补充文本源/pfoocc_英语二_2010-2023/2023/cloze/options.tex,1965,bc862088ce2b7ae0c60136b552cd727239e245334fb3fcd2e379462adc64ecf7
04_待核对资料/补充文本源/pfoocc_英语二_2010-2023/2023/read/articles1.tex,2453,5fde6537c41249879e40f97d01545ff66bc97efd74c7786be9a9da911e239897
04_待核对资料/补充文本源/pfoocc_英语二_2010-2023/2023/read/articles2.tex,2294,dab1949d67ff3387a9740bc11f57a9a8733a9fe1d9bf7e77a7d706320b9fe6a5
04_待核对资料/补充文本源/pfoocc_英语二_2010-2023/2023/read/articles3.tex,2463,fcca1a199ee990d4cdffdc4cb0586cf8421ac53e4b3c245d65df74bd1b308cc4
04_待核对资料/补充文本源/pfoocc_英语二_2010-2023/2023/read/articles4.tex,2628,9dbf9b43785dcba22af23a45a74bf550abb6c0f5ecf3e6d2f7c63dfcaac19a01
04_待核对资料/补充文本源/pfoocc_英语二_2010-2023/2023/read/main.tex,119,fb99a4956672337316d858a20f57da9d8ecbce948a0a7d3f515ee3407fe6013d
04_待核对资料/补充文本源/pfoocc_英语二_2010-2023/2023/read/options1.tex,1329,6e6a48e3241fcb5c9559d8c4171def1ab94b65d5adbe9607dac43175666a3013
04_待核对资料/补充文本源/pfoocc_英语二_2010-2023/2023/read/options2.tex,1270,d3902cbd477380bd3d1690e0dbd9a0a0bd47c3da41d65e88cd3c41c176605c1b
04_待核对资料/补充文本源/pfoocc_英语二_2010-2023/2023/read/options3.tex,1343,010efceca34626dcbc89336a845d1f226ad92faeafeec94df4182864e792ef31
04_待核对资料/补充文本源/pfoocc_英语二_2010-2023/2023/read/options4.tex,1327,5ca9840f96cedcfe2a62fa019ad0871dc030f6b58a727545410ca56b1225dd52
04_待核对资料/补充文本源/pfoocc_英语二_2010-2023/2023/read/read1_answer.tex,42,c19ac679760aa770ff3524c1e765c2262158e70b8be8b5cc825aeb4e616fd800
04_待核对资料/补充文本源/pfoocc_英语二_2010-2023/2023/read/read1.tex,225,7671150729639280259193d5e61e320d4f4708509138e7a4a7fc1773a75155aa
04_待核对资料/补充文本源/pfoocc_英语二_2010-2023/2023/read/read2_answer.tex,42,6527df131867ffb9f50669d88c54c094e0274ef657cd0af45e5518ba88d10e40
04_待核对资料/补充文本源/pfoocc_英语二_2010-2023/2023/read/read2.tex,225,57c878064b9c6d6d0aa5040622db62847f953355a5f10eb8d16a9120ec214c70
04_待核对资料/补充文本源/pfoocc_英语二_2010-2023/2023/read/read3_answer.tex,42,d21c3e38e7bc573bc826e0a40e0efb3235bc430f60febd004884075391e2dd10
04_待核对资料/补充文本源/pfoocc_英语二_2010-2023/2023/read/read3.tex,224,6a556d18efa5ad65a84fa596b3d50d8835609859ab73ba298073ee2f05e9bd0d
04_待核对资料/补充文本源/pfoocc_英语二_2010-2023/2023/read/read4_answer.tex,42,f8334c9463e9b6a0037d3e3f9f6fdd0437a1294c0baf7d54a172607b2ecaa22e
04_待核对资料/补充文本源/pfoocc_英语二_2010-2023/2023/read/read4.tex,224,9a4ada58d32f0936cc34c3f9542e94b9168c71edede8b3699b2e1fc7c46840e5
04_待核对资料/补充文本源/pfoocc_英语二_2010-2023/204.tex,335,0107e3077df5c5f16f6d74ccf2eadcfc92cf926582736705f821a7ac3916a8a3
04_待核对资料/补充文本源/pfoocc_英语二_2010-2023/README_上游说明.md,514,7db9c762f1d10ae6943ab4422627c25a5458d452748ff74ad3a56a26e35d7e9b
04_待核对资料/jxr202_英语二辅助讲义/旧数据__1_作文讲义材料.pdf,1076640,3d4460bfd44ab01e3815c511c7ef20ac3ba8f78ee9fd2a261850a1b210f124d6
04_待核对资料/jxr202_英语二辅助讲义/搜索出来的__2010-2016 大小作文范文.pdf,950677,204232a4594790e9a28014e742c8c2d6d0b72424c72d52d5bfb7fd4fa1716366
04_待核对资料/jxr202_英语二辅助讲义/搜索出来的__点睛课12月8.pdf,3025568,8efc2626c0e8de18f6f2f632ae7735f4def925259b8a7af87bf8a70c45dc0813
04_待核对资料/jxr202_英语二辅助讲义/搜索出来的__技巧提升1翻译篇.pdf,970953,ba47840e2445f429e5fa9abcf6038018509fb34d7d324c67f35b3d4ecfd905ee
04_待核对资料/jxr202_英语二辅助讲义/搜索出来的__技巧提升1翻译篇去步骤版.pdf,857904,c386b3338387c2a6b81be34d14e7d9f43736b9efe91e6057ef6c4bee42eb7c96
04_待核对资料/jxr202_英语二辅助讲义/搜索出来的__技巧提升2写作篇.pdf,1489951,64320e494c1a67e5f1ae7b3b1e842674a9492f2934f353e2d6b2d2e4d1e36902
04_待核对资料/jxr202_英语二辅助讲义/搜索出来的__技巧提升2写作篇去步骤版.pdf,1416975,60d686809b9b24632fa92953cab6d4ab570ae4f7b7da94e408f23b9aafdc9f4b
04_待核对资料/jxr202_英语二辅助讲义/搜索出来的__技巧提升2写作优化法则去步骤版.pdf,612868,8aef9bac15bbce071e0b8de7b19243bfc918c43588fc8ace99bf59ba36fb576e
04_待核对资料/jxr202_英语二辅助讲义/搜索出来的__技巧提升3阅读理解.pdf,1208385,094c46cfa3031717cb7008c8d9d7fcfddbf1b596f584d37af21f74e0ca1bbb37
04_待核对资料/jxr202_英语二辅助讲义/搜索出来的__技巧提升4阅读理解.pdf,1435375,dcecde43eae8a7a3e83fbb93f623189812d17613f326cbde1cdbe556bf016ba7
04_待核对资料/jxr202_英语二辅助讲义/搜索出来的__强11化.pdf,3904794,2b6ea45dc2199b28e4ec3f43a32cd83e351554fd1ccfe1e89146e25c23030899
04_待核对资料/README.md,689,b20fd657d4fe70b09f4cb46a6c414b4256a83d0cd7beab45d0c5a212c71beb2e
05_来源记录/_pdf_validation_raw.jsonl,76672,3c0309f2104518a5db4f4dbe483ecf0d2f8a88fd0d2f34c04d92814cdb59f715
05_来源记录/资料来源.csv,15532,407f927196f5fd49c69337f00ea897039478dce0fd35251ecbe2080ec5279e10
05_来源记录/build_english2_reading.mjs,4505,9602f452d85882cb1b24e451197f0596c8f854f9af62fad3152a529afb8a252d
05_来源记录/extract_reading_from_pdfs.py,5563,ae2e479217ec7e0b4c7a8500e44b74e18463022b93d97445420f5ee9549e55ea
05_来源记录/generate_sha256.mjs,1439,ffae11e7816cd0d5abb38e91c5041ac50aeee1fe223f4f68f2f43f5c8cab90e6
05_来源记录/generate_source_records.mjs,5874,758fa9c5653c8290d7a1db550873287517c3bc0a9391cb2c8ad005bacfff71ec
05_来源记录/README.md,1277,5908a4f6f63f7f93991ca1d0e8ca83876abfd48feeae44b1373bcbf637f67b99
05_来源记录/sync_reading_derivatives.mjs,5011,25f0036ba45829121401fe957a3b33a6309d0daa04e887e0d14fdd0f3908552c
05_来源记录/validate_pdfs.py,2547,4871ee2e5630275bd0f8fce987d73853a76e24bdf57cc31abd3c23dc986736cb
05_来源记录/validate_reading_data.mjs,5299,9b9a8d703123a3f2b806dbe832970b8227f2e1fc2d8658959ca622585bdc3241
06_阅读加工/拆句_JSONL/2010-Text1.jsonl,4117,ca44306bb39f7720e201ed9ee40eae6de4f10d9ea5f94a05aace3cfd2f44aff1
06_阅读加工/拆句_JSONL/2010-Text2.jsonl,4366,2c0ff0dcdb32ba00123fce6e125ddde2f47267f1a9a3556b7deeb23d2d10dfe2
06_阅读加工/拆句_JSONL/2010-Text3.jsonl,4283,9b39728ffa1a37e9b3de61e9705d87fd06116c380059b4ce3bec045c2a74bef8
06_阅读加工/拆句_JSONL/2010-Text4.jsonl,3928,570d6a8eb6a97b2346cff0bb9218597417a29f83c560039973ed667fbb8cb883
06_阅读加工/拆句_JSONL/2011-Text1.jsonl,4233,eed588782fbe4f099ad8b39b83619f957e4cb8b47a411ffd353f6d19d21ddbe3
06_阅读加工/拆句_JSONL/2011-Text2.jsonl,5075,011de9f0a563f816f6bbb3a4d704933b4bd494a70e0b993059e3cc701849bfcc
06_阅读加工/拆句_JSONL/2011-Text3.jsonl,4452,887f3ce4021b55b6608e2ed31b1b420c4b3193b0be63a37d31c19c61aaba1abb
06_阅读加工/拆句_JSONL/2011-Text4.jsonl,4101,5c11f4b3ab2151237ca25ab3bb297a3caf22959c26534e7c3be67a398a66df50
06_阅读加工/拆句_JSONL/2012-Text1.jsonl,4263,f78022f08f977c09c9635e44d44fba6802ff8283ff00b87c19ca72fa978417ea
06_阅读加工/拆句_JSONL/2012-Text2.jsonl,4345,f6e305fce1d54e6c6ec8ab2627a2c05e27dfaa556b03eb8d2142f9288daa69f9
06_阅读加工/拆句_JSONL/2012-Text3.jsonl,4861,e93a00218a6a10143762da2ce57b0c516a005b7f8eb01e7ca464da3d79f65097
06_阅读加工/拆句_JSONL/2012-Text4.jsonl,4313,b4572e81a80090f40dd07367a35ad76abab2a818c8d38ea03a90a625ca945efc
06_阅读加工/拆句_JSONL/2013-Text1.jsonl,3604,5ad1cb403daf2e9ed7013f0ab20be8a44d535bd148a0450a50b297ebc7f93209
06_阅读加工/拆句_JSONL/2013-Text2.jsonl,4454,cb5728eead3cc419c0616b42390fc4e7c66192af2d88f5d1507c60f15136df15
06_阅读加工/拆句_JSONL/2013-Text3.jsonl,4150,25df965154cfc14213a880ab3988e2bff585403130c01ee2de382a0e2a911019
06_阅读加工/拆句_JSONL/2013-Text4.jsonl,4021,538a77f8b390a3653f893c932c0b6f46895ff095f68170a3669aa0e74ad56ea9
06_阅读加工/拆句_JSONL/2014-Text1.jsonl,4187,682c48a2c521f428c9ebab09d6778c5f3995588bda2f5fa25fcff28884cb691c
06_阅读加工/拆句_JSONL/2014-Text2.jsonl,4549,28304ace1d03e24156688b6487e584df7906bf384897ed3721400dd28b21ff43
06_阅读加工/拆句_JSONL/2014-Text3.jsonl,4188,1f076791bcb05ff7c035b1da25913fa0f0463e2081303731c839886ab60cb637
06_阅读加工/拆句_JSONL/2014-Text4.jsonl,4537,8397499c8ee5fce1fe01ed1c7a2133c0881b51c9c9c6bf390da7c18fed3bacfe
06_阅读加工/拆句_JSONL/2015-Text1.jsonl,4750,1e0ec45ed64ed4787b938494c69ab9ba92b77420fa9589ddd3fdf6637d0bb847
06_阅读加工/拆句_JSONL/2015-Text2.jsonl,3861,504b0e076dd9d3904feaac560281a9e0128c9f3818a6c3be436b4890336281ad
06_阅读加工/拆句_JSONL/2015-Text3.jsonl,4134,5eeed4a2e3b5bbee3626d9cc3191392cc513822836ace236598ad39a90bd2676
06_阅读加工/拆句_JSONL/2015-Text4.jsonl,4817,a086167deccd0d9877d6db67d3940237a971f3a92aeba7b4affeadbe8597381b
06_阅读加工/拆句_JSONL/2016-Text1.jsonl,4415,0a268b68387522f8757159b650fd49df3e2671d6f25d5777d825f27efdf9ae3a
06_阅读加工/拆句_JSONL/2016-Text2.jsonl,4584,c77ac724261fc48ccb69c2cdd9029b83c3ba3f90757c8ec2a3e7b4cdf0e0f8d4
06_阅读加工/拆句_JSONL/2016-Text3.jsonl,4769,8e5acaf9eec068cda1f120763befd59f7d45358ac61cc065e2b92136bc682e1d
06_阅读加工/拆句_JSONL/2016-Text4.jsonl,4056,99fba4bdfb06367446e83b290b444c7d2b09a8172f629a501d1c84ded4d702a6
06_阅读加工/拆句_JSONL/2017-Text1.jsonl,5286,505c837ba0c7c5f75d8119dddf0cc8dc91c0bd4498780409e110454d5010168c
06_阅读加工/拆句_JSONL/2017-Text2.jsonl,4174,14614aa8194cf75c70f709dd0ca088539b5fa1a390ab597e4a5eb8b2b4f41b8f
06_阅读加工/拆句_JSONL/2017-Text3.jsonl,4259,3104108608723ecebccf8de181ff0eb09b0b1043bfd7693d360dd2c1130fd622
06_阅读加工/拆句_JSONL/2017-Text4.jsonl,4687,30c52d41f189aa4099151d969f16195e332ddc8af99d4804d557051a54680999
06_阅读加工/拆句_JSONL/2018-Text1.jsonl,4974,a5ba82333da6bb8466c0e25a3a2907aa5fce1624d080f82ecfbd2f774bbf49fa
06_阅读加工/拆句_JSONL/2018-Text2.jsonl,4592,f8b30b21d20deecf82c5f98799e6216416e02bc91a03de310854e2df463712a1
06_阅读加工/拆句_JSONL/2018-Text3.jsonl,4332,04bb230e9a829674b00ca23025689d33ba7cedae099479d51561401655143a77
06_阅读加工/拆句_JSONL/2018-Text4.jsonl,4155,9e5126f9d6f17cff353be38e882bfa85028f04c41630e4929763ec705b9f0028
06_阅读加工/拆句_JSONL/2019-Text1.jsonl,4947,9177efc0de765f0545c6fe17af6a5ae08d0b9b19246ea21eea0bae8f403b2edc
06_阅读加工/拆句_JSONL/2019-Text2.jsonl,4447,a62e157ce887cea2b60588729fd69f4ea9a898b230dee4a9ceb7b58e7693541b
06_阅读加工/拆句_JSONL/2019-Text3.jsonl,5283,20fd62f8e9e707c255639714bb977aa02ee1d8b05a5383b685b6e2a696f3773c
06_阅读加工/拆句_JSONL/2019-Text4.jsonl,4640,eab427c71b19278e7a9cbec15f099d573652732b15b27081303c041f3156260c
06_阅读加工/拆句_JSONL/2020-Text1.jsonl,4222,2b6d19a6f811bf227f4f75ff688c17c9ec85715e1d8deaf1b344ca2d6024acdd
06_阅读加工/拆句_JSONL/2020-Text2.jsonl,4107,a3be729fac999b81b7db6ebb96d19d66b9a163e9238701c49ec121c7e28a92b3
06_阅读加工/拆句_JSONL/2020-Text3.jsonl,4422,35656169f9fd0ee8b47061cbb7bc7935246955e1e805e59a02bf5fa026f7bca8
06_阅读加工/拆句_JSONL/2020-Text4.jsonl,4387,df777a184a0b60d52d1516d15310e809b5fb21a7aeb2e6dd33a9de7c07e174a5
06_阅读加工/拆句_JSONL/2021-Text1.jsonl,4274,e71b8577d1ae6f4c5789b259203c997a411ef576818f927ad59eafaa89961c65
06_阅读加工/拆句_JSONL/2021-Text2.jsonl,3844,c1a9d6d267d0f6588a95ed84c0ebfb740235c1cdd74ea1ee3810343fa995b2f0
06_阅读加工/拆句_JSONL/2021-Text3.jsonl,4063,f00e313ef612ef8fcff284f4ea21774cf3eee6f7c78794a46f545a58515c5b15
06_阅读加工/拆句_JSONL/2021-Text4.jsonl,4820,1bea2e01adf5875c850eb121e96b90d39bc21c897b65f61b328a750a06e593b7
06_阅读加工/拆句_JSONL/2022-Text1.jsonl,4417,7220dd3cc1bb13a5abae36bf1e45400f594b6e6528adaf3ac75093d061c470ca
06_阅读加工/拆句_JSONL/2022-Text2.jsonl,5040,5d4f3ead367aecd68f0f71ef68ba6b602311039d0704d0f2da3e295019669db8
06_阅读加工/拆句_JSONL/2022-Text3.jsonl,4330,36209993f96da256d2c1ba842e4c3d337cedbf9fb09204699d3fec0822f71cc8
06_阅读加工/拆句_JSONL/2022-Text4.jsonl,4477,a90d4d2d653850276fd55625724674d19fb06d313f8e14b06190e20a0436ccd6
06_阅读加工/拆句_JSONL/2023-Text1.jsonl,4047,402825c8c4a4e423a66dcdfe659424b2168e7b8624ef72f108889aaccbd1f0c0
06_阅读加工/拆句_JSONL/2023-Text2.jsonl,4418,dfafbd1c0e150f287cafb0c8ea70a94c8e8a57361c9d79c780f25ae6e71b5d9a
06_阅读加工/拆句_JSONL/2023-Text3.jsonl,4461,a7a962d332cf67c54059cab0d45dc73b1c3a47ee0dea6969f9b328c250d1d329
06_阅读加工/拆句_JSONL/2023-Text4.jsonl,5041,e3dc8847a365d41daf1bb0203e8e2b14d6e75c26ca5104b23ce42815833d5e95
06_阅读加工/拆句_JSONL/2024-Text1.jsonl,4461,53fe3d8c967f4fe2c7c2f0028f691b468c457ddcd5a4820087715e0bbe8b51ec
06_阅读加工/拆句_JSONL/2024-Text2.jsonl,4002,d46f06aad398014feb1bf96a362dec83757fd0e235c8b602908fffccb29e6ebe
06_阅读加工/拆句_JSONL/2024-Text3.jsonl,4382,7456882d3b44bb1f2a933f36ea7c752734601ab78a06288ed87874626fa4559d
06_阅读加工/拆句_JSONL/2024-Text4.jsonl,4467,8ca1761a83e524b73161f15e3d4f1c955766a341ea9cb9f75bddff0e8163bbfd
06_阅读加工/拆句_JSONL/2025-Text1.jsonl,4575,a7fa4597fc1383639a0b1932957425d52acb612e05b5565d9e256ae03796ab3b
06_阅读加工/拆句_JSONL/2025-Text2.jsonl,4530,1b2e5aa073dbb49cc04d9d22aef70a90ca90c59d5fa0605b67060bf45feb2c49
06_阅读加工/拆句_JSONL/2025-Text3.jsonl,4952,59a0673a03455d12e674698aaa0524d1a13c72c64117a3832de2f3766824a5a7
06_阅读加工/拆句_JSONL/2025-Text4.jsonl,4404,bd8cfc6c51c3dabb518cb81e79074ae4d6a5c1615895d4ac38661dbdd651804b
06_阅读加工/拆句_JSONL/2026-Text1.jsonl,4811,901cae94468b6eb50bab1c14f1145201516b6ada3617b0d8f16de8fe345c3ba1
06_阅读加工/拆句_JSONL/2026-Text2.jsonl,4688,2f0f766110328c49fbf43944d8e695877c467b971f500fcb542aa600d8afd917
06_阅读加工/拆句_JSONL/2026-Text3.jsonl,4469,281b0e21b6cf4bfbe1c8ae5436cfdac7d7842ce88ba8ad415c9ba7318f60b42a
06_阅读加工/拆句_JSONL/2026-Text4.jsonl,4603,32c5a452c5dd0646f2ac998457c442a823e0a3e28328e14cde092b85bb4dcf49
06_阅读加工/拆句_Markdown/2010-Text1.md,7910,2c96e6d6d63b42bb2099afebacf5d7c66c3dd89dda584916459b6255de37e0e6
06_阅读加工/拆句_Markdown/2010-Text2.md,7652,686ab28ddf6d8f3ddd26cdfee6e5db1dfa43c65cbc5fbde49d87d89bc503f25e
06_阅读加工/拆句_Markdown/2010-Text3.md,8945,62843cf8251c903204d80caac836060aaa1b2a22c305e48ca70d7bdbb4293c41
06_阅读加工/拆句_Markdown/2010-Text4.md,8653,c42460b6454fad215864b9eed50439f59a46f5ebc78354308d4ec924a75f61eb
06_阅读加工/拆句_Markdown/2011-Text1.md,8018,d508d46649b69a85f4a8b071d0a0651d4f8a476a91f2dfa0a76fdd40dbd902e7
06_阅读加工/拆句_Markdown/2011-Text2.md,7742,9e276383db233a75644c569d0c32ead192b7c71c15e7cd30fe7b25eafcc4bdcc
06_阅读加工/拆句_Markdown/2011-Text3.md,9047,2beaefdbcbb63e44284c798eb4c1ae9a274f78f1c74707a7bc11125b4c7e7b19
06_阅读加工/拆句_Markdown/2011-Text4.md,8389,0a6fda8accae706806e3917201ea64d1e0759444c8999592bd8be14d689b07c1
06_阅读加工/拆句_Markdown/2012-Text1.md,8202,9c4aa869f84b814f4e4823d389115a34d332b436a0b752171a674246aa74a999
06_阅读加工/拆句_Markdown/2012-Text2.md,8697,7381b41dcf7895406c868c7b88e9730d444b47a632ab0c64d90ea81d8c0c3549
06_阅读加工/拆句_Markdown/2012-Text3.md,8194,c6e14f0f4043dbb647fa0e38907cb48a067321f6a81c8009d2d53ee94866e771
06_阅读加工/拆句_Markdown/2012-Text4.md,8643,a42801e309d3c7b6490c2661943dd496d0350ac35200e8053ffad2a6ded2c72d
06_阅读加工/拆句_Markdown/2013-Text1.md,7740,ec0e8c28b85592db2077e1e000f7429f88035655fc9b35d7e58a87a2468179bf
06_阅读加工/拆句_Markdown/2013-Text2.md,7937,a4657c9cea276c9ad37e8f359ed767f61bead2d3c569bb84c0143affd5877eb2
06_阅读加工/拆句_Markdown/2013-Text3.md,7868,f43d306b1b2ab0efeb3f2490f12dd4a626740d385bea94ce61f5eaf2c6adfebe
06_阅读加工/拆句_Markdown/2013-Text4.md,7669,a4a0bed279d4e03ce98f7eaad6a86be2c2b419037642a991e10ca0b42fdcde24
06_阅读加工/拆句_Markdown/2014-Text1.md,7768,3f0bf00bccf4084e9be35fc11b58a6f188d9384498836c12ce995c4550fcd86a
06_阅读加工/拆句_Markdown/2014-Text2.md,8612,c317b1461d0bfd25436ccbf0ccf56959e1c30d819e481420b2f24a9c927942ad
06_阅读加工/拆句_Markdown/2014-Text3.md,7401,98bba3013515f386766d6f7a9760a1fb832d3c1b2c3b1405ed5dd2d16d0c71c5
06_阅读加工/拆句_Markdown/2014-Text4.md,7567,01867666f395930ffe4cacede672af80d222bcb998d774d643c7f11dc7092be7
06_阅读加工/拆句_Markdown/2015-Text1.md,8017,c7d500b5be20734c156dbb4e0c8eeda1edd57e88b5f9a6a335694292c742d0da
06_阅读加工/拆句_Markdown/2015-Text2.md,7854,16ab32dc8866d94113c74354612c1c6930a29cf135902d7fdaac9611484779bb
06_阅读加工/拆句_Markdown/2015-Text3.md,8043,58c6761dc4088f52851adaec3ea74baeebebefb65ae4c4d4707df29a69f8332b
06_阅读加工/拆句_Markdown/2015-Text4.md,7926,0df7cac5a84153023eaec778eb71ad41ec139afc38f64f391efb5a18194e18c5
06_阅读加工/拆句_Markdown/2016-Text1.md,8134,1c854e7e1c930d2fb2ce9c2a020a90aa4f6a241804907660f0d79f9553022360
06_阅读加工/拆句_Markdown/2016-Text2.md,8396,845eb5742c36b4d6503d8850e85b017be861803a522a959531053ef93beb53b3
06_阅读加工/拆句_Markdown/2016-Text3.md,8734,b07573d25c5a90d490812ea3440d08c8864a8b2923c8814cff6b62a7986002a6
06_阅读加工/拆句_Markdown/2016-Text4.md,8656,1758ca48860eb06489c15d20be18f6cc5840fa5f7d66ef2043c2a95307591e0d
06_阅读加工/拆句_Markdown/2017-Text1.md,8438,d7b8abe839b01843faa56a5fbf6a64e7a592d0217213c7b1635afe2273da5ef4
06_阅读加工/拆句_Markdown/2017-Text2.md,8527,daa47932170e1f36009b3cf305ed8bc9d7e66c7411a35ac3b432b53fc365a9f3
06_阅读加工/拆句_Markdown/2017-Text3.md,7809,ff331ef71fbb7e1731423678539077c687a55e67e7b413d91b8d7edd6658c941
06_阅读加工/拆句_Markdown/2017-Text4.md,8146,839bd77e7a671603222eb8da65b02a43243dff022e3d9d536d8be93b0a3c2a45
06_阅读加工/拆句_Markdown/2018-Text1.md,8264,d896eb578ca1c4adbbfb8dd00f99845e98d37012d8d14983d91d10c7d97dafac
06_阅读加工/拆句_Markdown/2018-Text2.md,8091,9e4ed05d70cc2cd43d1d551445bb78d87922cb40dab777363ee46a422971d1fa
06_阅读加工/拆句_Markdown/2018-Text3.md,8250,f90bd1fd887266ff6b633ba00473f2ef804484d37b8ce099aa032cb8d471e7c3
06_阅读加工/拆句_Markdown/2018-Text4.md,8198,e479cb7054bdafc18c850d2efa51e881db9022036a65b98febc6fc69c46cb99f
06_阅读加工/拆句_Markdown/2019-Text1.md,8483,5f2ec9fc559c6aa85eca4e724a56d972a384e9972d246427ceab933978503bde
06_阅读加工/拆句_Markdown/2019-Text2.md,7813,8e7d6e7a9146e32f234fbfb676db59025160b1da1a9b02ad39ce068980fd7a90
06_阅读加工/拆句_Markdown/2019-Text3.md,8215,c74761300c6e5d23789e79995a6c043e3b805289ee0b16a2dfd6219155b13236
06_阅读加工/拆句_Markdown/2019-Text4.md,8516,4f6c31aa35249d6de97950966c79b960aa6d94c3ae808aeb3a5c09f4c69a2458
06_阅读加工/拆句_Markdown/2020-Text1.md,7744,55ac85dc23f429ecae1de2dcefe6020659eba8573141fdc70f3cafa7acf58858
06_阅读加工/拆句_Markdown/2020-Text2.md,7839,3b39d09e527e0159ec8c988f1bbb2b488e9e1ca0e0db40099f3e2cec0714a0e6
06_阅读加工/拆句_Markdown/2020-Text3.md,8114,cf0499128d224dbf917384e34175afd88a720f6a04d67ab8efaef817f5ed8c61
06_阅读加工/拆句_Markdown/2020-Text4.md,8085,8dfff9ee9b7f7cf11ef401c92eb0efc538935b290141da32e6cb060a5ec6bb45
06_阅读加工/拆句_Markdown/2021-Text1.md,7888,61bb4cb812b8e64e6a327be9cc1d7f0f89c346c32ca47361b468df5f7917f99d
06_阅读加工/拆句_Markdown/2021-Text2.md,7461,23b7012f8925fcde39fb551ab131d2e1c9f25b5a622de0e958d4eab81a62bce9
06_阅读加工/拆句_Markdown/2021-Text3.md,7866,887f78d39e8975f5e9baa7ab453e1ed7e27ca208d58d90e5eeb82ddf90b25733
06_阅读加工/拆句_Markdown/2021-Text4.md,8640,5cd39c4b4717b346da318a149a05e34b04cafdcfcaca88384dc05420506a17e8
06_阅读加工/拆句_Markdown/2022-Text1.md,8813,2825cd78fc80d7f3fbbac90550e89f522a888d5a9c3e506414a535b4ee7d33a8
06_阅读加工/拆句_Markdown/2022-Text2.md,9136,c25916bf6f3ae215bc0686d140a28a91c85c780dd42a7b790f5c81a31c741146
06_阅读加工/拆句_Markdown/2022-Text3.md,8391,18ed70f5cdd60879da1dd887d920ef6a98a1e49488d36735f956d03f50819866
06_阅读加工/拆句_Markdown/2022-Text4.md,8852,ecd6a28835c87cf2bc5ef62b6132141cd42cb85c2f5029b2a6233f3185d072bc
06_阅读加工/拆句_Markdown/2023-Text1.md,7843,1549a6f79446c68e9b422b0b8c3669c4c5553951ca9e938d7d8f7a020a2797af
06_阅读加工/拆句_Markdown/2023-Text2.md,8291,08d16b2b1750d7546eb1616bcac36924c48c04554c47816d63f8d0145ad2544a
06_阅读加工/拆句_Markdown/2023-Text3.md,7997,777443a7c474d6fe5290594140c9c7d53039ddefb7bedffe001a4ba369f4a24f
06_阅读加工/拆句_Markdown/2023-Text4.md,8241,0cce75d00980b807bcee2d3d6da79c16cd8f7fd46907ee411dcad77e7aadeb40
06_阅读加工/拆句_Markdown/2024-Text1.md,8426,f388cd01d795c7891aef824ef13cd706e44ba8146c8b75ea16c051a294c99631
06_阅读加工/拆句_Markdown/2024-Text2.md,8027,80857b8b2a37e65253904c7425a874a3b5f3dd1d798d14b90512176487f70bf9
06_阅读加工/拆句_Markdown/2024-Text3.md,8426,fc893793bcab6e581eb70a208d41c84d18115e9d6f94acaff81340f66276c7eb
06_阅读加工/拆句_Markdown/2024-Text4.md,8215,511499701bdb4e9248963455915dc871187377f738a3099fa20cbbd01c919a12
06_阅读加工/拆句_Markdown/2025-Text1.md,7923,f64d28fe53efea83e7075d52f54dee6b24bc6251fbaefe2b01634ea76d3a0777
06_阅读加工/拆句_Markdown/2025-Text2.md,8120,87a8373be8f6571161f10646522cb4086627e5f185cd7e296b3746df5d4ce92a
06_阅读加工/拆句_Markdown/2025-Text3.md,8354,4c18461f67ce529499792ebf310bd3f716c7a3afbcc964b1470b5ccee8c39e45
06_阅读加工/拆句_Markdown/2025-Text4.md,8461,a71b4397d99a0f02ba0704dbac4e87289831cff29a03329625fbb462c2809885
06_阅读加工/拆句_Markdown/2026-Text1.md,8362,68789ec63197c43ea5eab6ac59c095dc9fca6990f7c0cdac7248c416e7cfa271
06_阅读加工/拆句_Markdown/2026-Text2.md,8379,71831250c053926bbb7140a7f5c5ba754f0e9bca5a2d389748dcf0f16a32e829
06_阅读加工/拆句_Markdown/2026-Text3.md,7910,228b6c79e5ccf8aa7603201a07e66008d8588d684bae7ec9284c24b2fb6b9ca7
06_阅读加工/拆句_Markdown/2026-Text4.md,8387,4d46965e14f45a536a9f2e2f78da923799238df25065622f1cec600b2b9dc822
06_阅读加工/答案索引/阅读答案索引.csv,1652,934d0903b5933ee7f049782269f281bcd0f05e4369f935f3e87c654696a7f30f
06_阅读加工/手译版_Markdown/2010-Text1.md,5013,296384063fa96fc0b0bf1baef1646eb7b0d0cf134144a336df53abe71bff0a4a
06_阅读加工/手译版_Markdown/2010-Text2.md,4776,108d27e2c9b668277347e4c45a31180ca66eddb2d364cba1816ae75fbe3f2ba4
06_阅读加工/手译版_Markdown/2010-Text3.md,5623,31beee059695b7a7871fa10212d15d87a64e15270bab6dcfb868ccab8f959894
06_阅读加工/手译版_Markdown/2010-Text4.md,5217,435c15d7dd1e3083bbd1d7c55adb822f8a3d53c93d6cebdf3b614e9ef3ebecf8
06_阅读加工/手译版_Markdown/2011-Text1.md,5011,3ae8bf6fb522e749433954304aa6bba34e2c8fec3b8466d8d800f24a989266b8
06_阅读加工/手译版_Markdown/2011-Text2.md,4894,21e3813771ad59dca3354f6b76cc8645cfe9c394491b443c232b09eb4f934529
06_阅读加工/手译版_Markdown/2011-Text3.md,5809,e93771088ba08ad1e10bccf77166fe859d5c42f1c67500490fa6f578aaa9b25b
06_阅读加工/手译版_Markdown/2011-Text4.md,5312,3c3045922add93c394f418eb4644f68727e141b13fced2990f118f191197031e
06_阅读加工/手译版_Markdown/2012-Text1.md,5103,8ab3891d11019173e4a94b7050a3ef5aa77ac791cfc4b8cbf554cd55c8c500be
06_阅读加工/手译版_Markdown/2012-Text2.md,5630,ea45fd12f25093d217eea14414fd471810b6c7197398960a8d0ae5410dd94f06
06_阅读加工/手译版_Markdown/2012-Text3.md,5496,edeaf0c7026d1a67e273d99f6f39d9351d1d2a286af143c34f990187fc29c0d8
06_阅读加工/手译版_Markdown/2012-Text4.md,5318,cbfd3a8c0522caadeecc10548454b5af465d55a21263bac471ca140753cd392e
06_阅读加工/手译版_Markdown/2013-Text1.md,4753,6af6fa530f34bec918825a3a01c00648c1adf29d3ac7bb6edf6f74cc7effd674
06_阅读加工/手译版_Markdown/2013-Text2.md,5069,40fa4d141a4115ee45231c8a27d6cc3faaa0d76579174f6a119bcdeebe6f9eb3
06_阅读加工/手译版_Markdown/2013-Text3.md,5168,6aee839e2f95df72ffcc6ce95c2827687d28fcadbcf5fec8439ba2a4d732b211
06_阅读加工/手译版_Markdown/2013-Text4.md,4919,ec3929366c90325cd15632549a966f297a117ef430664888eb2cee7e60fb7294
06_阅读加工/手译版_Markdown/2014-Text1.md,5231,4ebdbb85117e64a7d4a2cafdc8bffb668f09940e6cfa3e14cf7f99747dad616d
06_阅读加工/手译版_Markdown/2014-Text2.md,5787,002cd3874714c20e84bcb9825a59c7e8cbcab5493f83933bdee55c743f041b73
06_阅读加工/手译版_Markdown/2014-Text3.md,4922,008e3f3ef8be3c241225bb1326f68a32c197c1097ecc9f3101897580ef0078f4
06_阅读加工/手译版_Markdown/2014-Text4.md,4949,cae70128194dff312cfa19c32c8d08aa92bb26f1a835692c9149349d296abc1b
06_阅读加工/手译版_Markdown/2015-Text1.md,5297,b9d94d3ea7f3cd23b06acee077b18965d24e13275b68421de7d611c7963f33a0
06_阅读加工/手译版_Markdown/2015-Text2.md,5144,3bcb12f80d63689d06c4b088e0e653d54065c2d4c8db7d248e8615f145d2ffbd
06_阅读加工/手译版_Markdown/2015-Text3.md,5351,99dcaa4fbf0fcb9f04f1d26faefc5d0904dfca4fa010f6d5eb10f04cdc724d43
06_阅读加工/手译版_Markdown/2015-Text4.md,5356,e8317c2becd8b7b6a1c6460a5261444336968215dc1ff48fbdf20ac902ce07ff
06_阅读加工/手译版_Markdown/2016-Text1.md,5089,317710934b06afed75c30f4e0118be08ebe7e0230bcef9ec49f0d83aeabed02c
06_阅读加工/手译版_Markdown/2016-Text2.md,5380,4f815a744e364ff292721b05c6f60c88748e7be7a38b72dc094b2bcdb485a244
06_阅读加工/手译版_Markdown/2016-Text3.md,5585,d61111e84b411c1ca8c5a022fb3b4d4d4f0424c436e295f7534458b6cef5b044
06_阅读加工/手译版_Markdown/2016-Text4.md,5155,8d831553a66fe54e95c11bc40b70620c75f54e2d27f9cc9620a68b70a5ef0a4f
06_阅读加工/手译版_Markdown/2017-Text1.md,5394,e56e7a668733d376e618872245c994922d7061e21e77fecfe7450584f725aba4
06_阅读加工/手译版_Markdown/2017-Text2.md,5212,b6667f55972fb88361dd7369a1d998c256af2ea701f751c096667af5d9d661a3
06_阅读加工/手译版_Markdown/2017-Text3.md,5008,f4aeadb39b142a06c2f8773375adb9cbef41386c8af8b98d91a6fef548c5c2f5
06_阅读加工/手译版_Markdown/2017-Text4.md,5180,76441f99b256c8d340dadcecd3ee66af63b58c8a79a2baf98ac641f370ceb820
06_阅读加工/手译版_Markdown/2018-Text1.md,5119,3fd7c5a361d39acf386193ed38c41513c22c780197be55d9e65db58f37f68393
06_阅读加工/手译版_Markdown/2018-Text2.md,5182,284cd60b43c03df905ac411c8cc65b06356f13c595db3f8805518dd4d9787263
06_阅读加工/手译版_Markdown/2018-Text3.md,5011,110611c3705031ca0ac79752f015e361010599de958d94be846bdc178ceacf5a
06_阅读加工/手译版_Markdown/2018-Text4.md,5237,495f0482743a590c771c5e6c75cd6c524b0315e5e7581cdb8782e8d8363ff6a2
06_阅读加工/手译版_Markdown/2019-Text1.md,5664,2a7a5f6e5aebff3e8b0eddda0a9745b31ced14fd5cfb1feb18dea4a1567ac1c8
06_阅读加工/手译版_Markdown/2019-Text2.md,5064,ee79f796b6f08dd88831f33d9fc0980509ded7737a0713ac3a9343aae615b0c3
06_阅读加工/手译版_Markdown/2019-Text3.md,5685,fb0bbee8e496caf1f03826cebb5450e3bb661efeb3563d21fa46ac35770e5cb6
06_阅读加工/手译版_Markdown/2019-Text4.md,5646,795c37c184de1279aeae6b9beed91d93b2146c04ad3d1540e70f6569c8850d4f
06_阅读加工/手译版_Markdown/2020-Text1.md,5227,41ae765a68d233fe187444b480549b810836eccfbfd9c458dbe42af915c82aa8
06_阅读加工/手译版_Markdown/2020-Text2.md,5191,d7169f9b782fdb1d247e78de0fe34d740c444b636a3851d93eb891b4262acccf
06_阅读加工/手译版_Markdown/2020-Text3.md,5275,17125073875dd0818822412312a805093310f8c4d9f94d1b31354e75f537037a
06_阅读加工/手译版_Markdown/2020-Text4.md,5333,771d446e47e0a123545c5b0a5f6745e2933aa47c40de470972b0e70f9c53e6a7
06_阅读加工/手译版_Markdown/2021-Text1.md,5034,902a92262b8110c0bede5e6590fc38b70d94e415f9e97aa5d613a50b4fcec502
06_阅读加工/手译版_Markdown/2021-Text2.md,4675,ce28f1f1b558e8737660c443a56dcff655624974ab94539134cffb98f3e09b37
06_阅读加工/手译版_Markdown/2021-Text3.md,5172,0d473476fa4f7ba6ae3586716f5f3bc4fa4ff3c5393a6a7a7302b198c817cd9a
06_阅读加工/手译版_Markdown/2021-Text4.md,5751,2be7a07979b6c9217853d64dc7fdf6a0077d1d92a7bd8a6732671bbccf53e748
06_阅读加工/手译版_Markdown/2022-Text1.md,5612,fd7d2b24e68209bda3b86c59158de33241fca9f5250f5b3e85bffd5cd2474dff
06_阅读加工/手译版_Markdown/2022-Text2.md,6086,db6568de44a70fd8bb7c1c45aee10f728e46a264519e04b743fbbf963a2c997a
06_阅读加工/手译版_Markdown/2022-Text3.md,5452,834b3a812849e11b964c03d1d27e3d3915df6b22417e28aeac4178fcf0b57756
06_阅读加工/手译版_Markdown/2022-Text4.md,5717,8a39b72cf7f352fcddd90ccd1ae5a990e4df8d4fd30cf67af4ab3ef8a27d9298
06_阅读加工/手译版_Markdown/2023-Text1.md,5070,a2d2e0154b9e16d6163ffb03d515a5cdd4a66a4121e9f1efba4eca5bfd8e4ea8
06_阅读加工/手译版_Markdown/2023-Text2.md,5428,4c3cde04a169a62b73f97d095932f4e623df798696dde938fe54903052ea691b
06_阅读加工/手译版_Markdown/2023-Text3.md,5257,a5128a78d718c38424c218271a0d35dc7aef1f86de3f8eee7fc166b60bde8b7e
06_阅读加工/手译版_Markdown/2023-Text4.md,5616,53dccecc6f740be91c14575200c456d9bc37dabd9d6f39699761885119714c52
06_阅读加工/手译版_Markdown/2024-Text1.md,5300,36029932b634b499ac23dce7a38ce168d1335e7577df2ef8ee0661386d210b08
06_阅读加工/手译版_Markdown/2024-Text2.md,4908,4a489a4a84098f808264cb91f6ec55c38d898ee33226fd4060c337fe35ffe905
06_阅读加工/手译版_Markdown/2024-Text3.md,5157,05e7a0bf6a52eddd20ae043933f5e2817c2b060ba74d1a443c7663e59866e3c5
06_阅读加工/手译版_Markdown/2024-Text4.md,5405,3ed6f991bdbab7e147f44ef91c3146d5378782bdc9147673f8f48bfa205cdd44
06_阅读加工/手译版_Markdown/2025-Text1.md,5119,dcfd980c108cd1c7fb44b980a36b50c42e9c25c183639c7824100fe2a8f27ecd
06_阅读加工/手译版_Markdown/2025-Text2.md,5200,936956b12b6d2587d8201d4771c91114fce4742614393dc8b3f8b2125efeefff
06_阅读加工/手译版_Markdown/2025-Text3.md,5558,3ed686a97a5c7bb58d39559e7457476cf09f8e01f2c8ae31384e26d811642051
06_阅读加工/手译版_Markdown/2025-Text4.md,5493,9d0f09de2c634f2314cb19fa82c28e3fbc2a14e55fce43a99cb2a0236e04bcd7
06_阅读加工/手译版_Markdown/2026-Text1.md,5366,abcd9a1b9327ba48dae9c108222f0b5859606214552bfda1b13cff12bab35a1d
06_阅读加工/手译版_Markdown/2026-Text2.md,5418,52caad6bc103f624f6d70923761a5ffc24c8b6d4cfb5237273030dd606b967c5
06_阅读加工/手译版_Markdown/2026-Text3.md,5090,56ecce77a4815e5a33a2b5dd0c550ea75d63da4bbab383ae0451beebec6609e4
06_阅读加工/手译版_Markdown/2026-Text4.md,5337,ead0e077d02b7e0333187e1cc32b13bd310ff6983fd79ce1c8129490934bc801
06_阅读加工/英文提取校验.csv,3805,2d19a90e2fdf37c4d1af6b329ecae2492612f0a4e2378475cf4d9a2bca295d39
06_阅读加工/阅读文章/2010-Text1.md,2337,ff185b25e092813e2fab36b59cf2a0374736f6f587e76912842c88cb046eaa77
06_阅读加工/阅读文章/2010-Text2.md,2312,225311c9737a832dfb61caef142d3c501d9c295339e7c8cdf2f4f2a1fea1c03d
06_阅读加工/阅读文章/2010-Text3.md,2800,3ae088ed253e78e3d1958749d78ba4c67909a58387ad560618d33537911ee860
06_阅读加工/阅读文章/2010-Text4.md,2655,973ebfcf8b2701c1fd08120c8969efda448204f308300ce6ae5ba1ae45070265
06_阅读加工/阅读文章/2011-Text1.md,2451,f84c4cf1752ccd96e74ce8828964ce216c7a5de206a2b0c537610181357ef4ca
06_阅读加工/阅读文章/2011-Text2.md,2186,c30a245e5393f6a00380faa4fb1c76e59613fdda1b9dd06968049dd0b5d5303b
06_阅读加工/阅读文章/2011-Text3.md,2868,193e591c8326e826513633df8c2ce794e09cb942b28f17bc6f87288a1820f90b
06_阅读加工/阅读文章/2011-Text4.md,2519,d705426ddab2f4e68afd876cb262c75080ba1fe7d668f07c19450d06cdf53f9c
06_阅读加工/阅读文章/2012-Text1.md,2586,2d1f78bbddcd9c992d7422c219254fc40a8e215cf78dd828ffcb1745e7a5ca76
06_阅读加工/阅读文章/2012-Text2.md,2664,6bb5ebb5cc28e1dc26c5237a5af21a422d9ebcdd1077c799aa7744357b87c810
06_阅读加工/阅读文章/2012-Text3.md,2572,0f5c9432437485a7f7828fffa2aaaf2c11e5d31c916d9500f53ddde6c0d7c95d
06_阅读加工/阅读文章/2012-Text4.md,2636,a58659e1f838cfe0eac7dd1c231aafb6ac43f1d28cd3c12233967a743b2f7e2e
06_阅读加工/阅读文章/2013-Text1.md,2325,fa0583a6a1f2256cb88fd4bfe12a5df596ae14df06d4cfd849a0dac893aade37
06_阅读加工/阅读文章/2013-Text2.md,2371,f0e2fb3b10f2d4f26b8821523ebaf2f53125ba20388525b4ee417cedc90322a2
06_阅读加工/阅读文章/2013-Text3.md,2469,579d534362a2db23a27af70fc4c1b284206c3327b8db34009babfd749461b0ac
06_阅读加工/阅读文章/2013-Text4.md,2336,3735995168a5a0ffad959a3783446687b2ce3a8a1ad8e72166dcfd00bb2a3158
06_阅读加工/阅读文章/2014-Text1.md,2508,c155b94f3ccab72b9fecbe54959cedd04c8365bfc137fc191ee022301b538f2c
06_阅读加工/阅读文章/2014-Text2.md,2759,d7c76890f3051ca518dc072639115715747efe0412932ba3d99930ef00d08c68
06_阅读加工/阅读文章/2014-Text3.md,2400,5b63e6bcbee20969b48933723f84dd91a5e4702be43894e77984b8b61fe58b24
06_阅读加工/阅读文章/2014-Text4.md,2456,bf55cae7ef636305deef8991797bcbac5d80a349e26d9628f4a2638bf88770bc
06_阅读加工/阅读文章/2015-Text1.md,2463,9cb7a5c5a30f5c9a080b4d98c0f9bf8f3f665a09b2e236d1c2cb82fdd9b52c9c
06_阅读加工/阅读文章/2015-Text2.md,2681,0c461eb69ec92016ff2b7f3e9fc35270890de348bf9c5e3c1fe89c00d45a2317
06_阅读加工/阅读文章/2015-Text3.md,2542,cdce55f151d930aed01508084e6f396c01ed34a80d29585166d28fd2ac6cd7ea
06_阅读加工/阅读文章/2015-Text4.md,2633,92df1e6bf53c8b2bff47b09ee710aa792b354fb3bf37caef09e853daefdae299
06_阅读加工/阅读文章/2016-Text1.md,2484,9fc9464232fb9f2e356bb09c146b86ff3ad3716fab43512a8723613016957215
06_阅读加工/阅读文章/2016-Text2.md,2649,a881ba17affc9de8db6ac9f1a1d5b8203f5faaf0a512b0bd04c797c6ff1f8a69
06_阅读加工/阅读文章/2016-Text3.md,2603,c915852b3c43991b0aa97ab4d6ad87f58b679b318cf837d58550abdb407b3ef7
06_阅读加工/阅读文章/2016-Text4.md,2698,11c43b16f438ab7829311747a09c080f0fcb61e7027252bb86cb8de5d595c6f2
06_阅读加工/阅读文章/2017-Text1.md,2548,04adf3575d75bb9d252972bf17c7632de043ac1c52b240e4574a0f20659f1a07
06_阅读加工/阅读文章/2017-Text2.md,2578,41532a4c9b1cab20df562ad35fb72c81e6127f94ef8eb7f3d20b7aefaa3a999e
06_阅读加工/阅读文章/2017-Text3.md,2564,f2d44e8e48c863a1a1eccb7b154ca8565be8acf431d0050ec535155c157a1bd1
06_阅读加工/阅读文章/2017-Text4.md,2536,b1f8f1ccdca2b60da9d50a309a7050ef8daeb906731ebb64158756afcba17d91
06_阅读加工/阅读文章/2018-Text1.md,2358,b127d7b38d86e1b5ddc225b33ee9145042e8d52dd73aaea6fea00f6143fcff74
06_阅读加工/阅读文章/2018-Text2.md,2565,7d70d59a24da65937f5b8e6aa37f04fc58a28241715d38f3c0b4d7aee6de8591
06_阅读加工/阅读文章/2018-Text3.md,2421,7e191965a648c9f1e391a82cb9b9648640886fb9abf530283ff70f0fdc7202d3
06_阅读加工/阅读文章/2018-Text4.md,2559,67242c4f03998c720966a47834e67c0eb0ab4371dfb3bec6f37a7dbff03b044b
06_阅读加工/阅读文章/2019-Text1.md,2656,46eeb8094d1a0784ce21ea3ed5d51ac34352585924fa05a4c52b4440b4ef9e4c
06_阅读加工/阅读文章/2019-Text2.md,2465,5dd6dccfc7e242e1e4bdbe244d2d1fb6c94ed199d9b3914b165ded2cde1a8f3d
06_阅读加工/阅读文章/2019-Text3.md,2697,e101bde72ebc63a4b4bb2b2f0fdcdc4c98bf7b2a3ff5f9c492537fef754d5f52
06_阅读加工/阅读文章/2019-Text4.md,2751,6018e4b72a3bf6d8b7c0ba56c4048278fd0c3058bbad904e4f88c8465106997f
06_阅读加工/阅读文章/2020-Text1.md,2539,30629d6baa0b40f89a386e9710d75fe266345af99fa7314fe95578c2b4f619d4
06_阅读加工/阅读文章/2020-Text2.md,2428,ee59c9e725886cf616634bd2704ac906e4cb682e41d67116045f9ecd281b4eaa
06_阅读加工/阅读文章/2020-Text3.md,2541,bd24cf6d3312a929d54470bb58acd1f621e5435ff8b1e4e697e0495411b4f547
06_阅读加工/阅读文章/2020-Text4.md,2704,b65075031b2c967e4f57a247ecec0b79324d3f653cfca80643dacedf09025ed8
06_阅读加工/阅读文章/2021-Text1.md,2492,c3f31db9d7485acaadf31a44385173d0733ee40297d60ae04aecbe6eb61ad0e4
06_阅读加工/阅读文章/2021-Text2.md,2369,d7d6a18d6c3704356f92ca764120be63613c246cbd6cca7a4b7ab8dd550f6753
06_阅读加工/阅读文章/2021-Text3.md,2578,c545131dc07223c1ca61656c546a2a5fa7516c4755e59b11640f0512b62ca191
06_阅读加工/阅读文章/2021-Text4.md,2828,73d24bb7988626295f34e8902a78ec2dcff2a5b459e7b68e3f2b8ccabea7db4b
06_阅读加工/阅读文章/2022-Text1.md,2631,271d5a475d59490870f4b925d39715e103adc76df18fd1f1686dc5a78e64ab8e
06_阅读加工/阅读文章/2022-Text2.md,2943,e14c374004bd2b95874c0bee54a400960efc2761ff470b82bf716b399a696247
06_阅读加工/阅读文章/2022-Text3.md,2744,d1ae16930830b1d26c8c7815a484dbca13ba995a8bb20dccd101fa1b289e2d99
06_阅读加工/阅读文章/2022-Text4.md,2796,626751cad789dd73ac248a6b99f93fc2412764a7940a61795259375ce739562d
06_阅读加工/阅读文章/2023-Text1.md,2562,d6ef8cb071749e00d81d586302cf8a5a128b7993ddf6c57fcd1bd44e3b9047d6
06_阅读加工/阅读文章/2023-Text2.md,2741,e30b937ba3921f819382cc817a13e15146ba66a2d191ad4bf5303388d4293703
06_阅读加工/阅读文章/2023-Text3.md,2570,1fda802a5ab1bd8cab16edeb4ac6e87ac728c8a3ed540a75d5f56380a4c9bcda
06_阅读加工/阅读文章/2023-Text4.md,2752,e81376830aeaa66f69021064247473607a31a5861580d67d62462ab3867ed27a
06_阅读加工/阅读文章/2024-Text1.md,2637,b892c22765fb092a440ad978d9ccd807a95c0b315d4bb3ebde71a31a7c612fc3
06_阅读加工/阅读文章/2024-Text2.md,2525,77f921264dcbaf869a5adfce35930503cfb463d6a75caabdd490d9258db93629
06_阅读加工/阅读文章/2024-Text3.md,2556,227bbc4721802a8daee754a9939cc194e7e6480c87ee41a8f24800d958ed838c
06_阅读加工/阅读文章/2024-Text4.md,2766,a4740a19c96bfbcd2ef21a5f3c19b18346c4638ad95b8bcf2ac5711900e21e45
06_阅读加工/阅读文章/2025-Text1.md,2436,7e8253252cf6c273968c9857520fdfe9535bcd9094a412264e3ef12430889a33
06_阅读加工/阅读文章/2025-Text2.md,2597,be368a6bcfde4028a42adf9909116dadce2b78a68ee1bb56379c5e73b84a5dfd
06_阅读加工/阅读文章/2025-Text3.md,2672,75535196e8d2044254d4c7f87f585bb4806acd964eca14c072ee950640430dc3
06_阅读加工/阅读文章/2025-Text4.md,2821,010943f18a98ab26902e963207ad28d06c58ec27fe5c0e302e7aef70ec29609f
06_阅读加工/阅读文章/2026-Text1.md,2537,b4c534a275b9605e7509d60cbd7deddf7e531f91feef597ded827ec1c12f3599
06_阅读加工/阅读文章/2026-Text2.md,2549,d8f659f3b079459ee201126c282a73c0880af6f60fa2ef83e2f4476941a19995
06_阅读加工/阅读文章/2026-Text3.md,2539,faf31d45882ff778ff2cd8d1414e021b2725f73ace5ecc0426c0f8d39257fc4e
06_阅读加工/阅读文章/2026-Text4.md,2675,2f2540d98b1037343384b731152bc92c8ceacbcdf342c5c44fd5700bcbaf3a2c
06_阅读加工/长难句_Markdown/2010-Text1.md,3840,e152d52209d6b1930ac8ac38c04e3d0dee80c3db38460df2069270f03e597995
06_阅读加工/长难句_Markdown/2010-Text2.md,3843,1902b2a6e28c160152c44ca0169e2fcf8ba20981119dca5c7344b87e57e79030
06_阅读加工/长难句_Markdown/2010-Text3.md,4642,f0bba65b3a9cd3e90e098dd8590fe3e6707d2959780ae97270e3bc353c1e36c7
06_阅读加工/长难句_Markdown/2010-Text4.md,5353,b66cbecbbcdd9b2dc3c2afc21f0763bfa88438726972161752879cbd0e7d8270
06_阅读加工/长难句_Markdown/2011-Text1.md,3845,c11d09005b87181ddcdc1b77a8514884cf6ea16bf21972faffd3a34cb7582403
06_阅读加工/长难句_Markdown/2011-Text2.md,3253,aee13a907c705789613e4dbd4edafac7815e65a64bbe5eecaf6f4a5ad854aaec
06_阅读加工/长难句_Markdown/2011-Text3.md,4616,0abf4990e95bedbaf38c168af14d13dcbbfcd02f0c0c95d46776e6332121b079
06_阅读加工/长难句_Markdown/2011-Text4.md,4353,129389fe87b36eb5fab40293d06fab33eec7a1f1322701d7bb982af4237c9ffc
06_阅读加工/长难句_Markdown/2012-Text1.md,4109,96aeab68f1bfe3dfbca7de1468c87ed5e2c987744f70392dbc6e266318a86a06
06_阅读加工/长难句_Markdown/2012-Text2.md,4275,10462303235210369edc5a5ff40573683246a485d987aa5f0b5703826b4f1ee2
06_阅读加工/长难句_Markdown/2012-Text3.md,3527,286d863083db747930432ba65423ebd000ce505e7971102211e0b2a8298b4166
06_阅读加工/长难句_Markdown/2012-Text4.md,4797,c7475c31f41c1d9efcc88f3d9ece81b023670517db8643a1254d1b7c2f5a40ac
06_阅读加工/长难句_Markdown/2013-Text1.md,4596,74bb3c90ec346c9af76256a2a0ba494b882f7a22837eb5f1d756285e1191315e
06_阅读加工/长难句_Markdown/2013-Text2.md,3671,d3b7abd2c068bfe0c0d707e14b198d8614572b512f5161418aba891551383779
06_阅读加工/长难句_Markdown/2013-Text3.md,3640,85da762bad022f0a97cab84d4363330b0665b2a0f8d6025038a5d678a2d575f0
06_阅读加工/长难句_Markdown/2013-Text4.md,3930,3369621c31599c7e174951732e6cd3c9475c760fb6eb1ce24ef5e8e443868b8d
06_阅读加工/长难句_Markdown/2014-Text1.md,3484,02b42c97214678b238edb2d76387ea42c4e8289d37b238f42e0dd95863e9f30d
06_阅读加工/长难句_Markdown/2014-Text2.md,4037,0b70cfb9f16556e62df09f78b28ed9493dc211413e846832cf80e5086f2bd5dc
06_阅读加工/长难句_Markdown/2014-Text3.md,3339,9259048fa2aa5ff363692cb0178503ffd953e2b32374702ebf7ee4da4bec5a1c
06_阅读加工/长难句_Markdown/2014-Text4.md,3467,21955f6f5f2e9b601cdc3d7088ae63631d2e68a9e829aba6a24954317d69e651
06_阅读加工/长难句_Markdown/2015-Text1.md,3539,1deb3c01b5d429aa47c83884063d3af14e6401db2c53c41a6c96d7fefc0d6323
06_阅读加工/长难句_Markdown/2015-Text2.md,4300,b96497ec9aa88cf6336836d633387d67d8c250aa7475c1ae7359f60888dc2a92
06_阅读加工/长难句_Markdown/2015-Text3.md,3729,b8332b08f20b84036be329e94647544a52b39e22e167b01e377a64f23c3df989
06_阅读加工/长难句_Markdown/2015-Text4.md,3228,07886a66eaf95432805811f226ef8ddba6753b38ca76a4be2c95ed3bd5c71209
06_阅读加工/长难句_Markdown/2016-Text1.md,4009,8d39eedc48a8279f46734cd3133cc4ec5f83b52b2799a300f8100a195459f75d
06_阅读加工/长难句_Markdown/2016-Text2.md,4191,31e17917370818c2533637bf33aa6b471107b54bd8de0caf4f0aff9dded52956
06_阅读加工/长难句_Markdown/2016-Text3.md,4346,2df3a069fff83353c8b48eecaba1a0c1ab3069a7274da3f2139d4b312bb6902d
06_阅读加工/长难句_Markdown/2016-Text4.md,5536,017027d6cca555dfdf7aa624734e74aec7fe8efd8ce6f0a5601715a987fa7779
06_阅读加工/长难句_Markdown/2017-Text1.md,3680,73c1dfc4338c6b80f6d0969554c44e7900b334cb631cbe3fc43cccc600e16463
06_阅读加工/长难句_Markdown/2017-Text2.md,4833,6f518d0633af3bbf90ae8af4e969d888667a1d95cf35db580cfd8fbe38e4f07c
06_阅读加工/长难句_Markdown/2017-Text3.md,3722,040b775e855f3baf078908039804e00db5944117e618f48d9d1753ffe3fdb167
06_阅读加工/长难句_Markdown/2017-Text4.md,3910,a4d5cccc4a091cad5076c7c336768b043ea2afbc441ca40235d708458aba2cdf
06_阅读加工/长难句_Markdown/2018-Text1.md,3948,a0065292752f79e29b28440713e21497ea9fd5009db189d817e9135c49b863e1
06_阅读加工/长难句_Markdown/2018-Text2.md,3870,5982192cfea405e86f7952a41bb69ca4719b48453d5fb0d183c4b94ba8e0d7b9
06_阅读加工/长难句_Markdown/2018-Text3.md,4284,849caa2478befc2b9f28e72594dedef9b5d42f5bc6b8bf0c21c3b08ea2bdb03b
06_阅读加工/长难句_Markdown/2018-Text4.md,4282,da96418de113cdd8874e5b6462702ea4416b89e7b69949e9814dcbcba035f4ee
06_阅读加工/长难句_Markdown/2019-Text1.md,3846,f05fba652926d543898191413cf26cc6a4152296ee156ab7df306b2925a8a935
06_阅读加工/长难句_Markdown/2019-Text2.md,3500,4c2199b4372d808392c29557b4ed4ba755d9b7b3440b0771e0d80db7d4f8730d
06_阅读加工/长难句_Markdown/2019-Text3.md,3069,dff0a08a0f6e3b1b7320578e27c44f3956fb19da8c91ac2eff59093bd3a5aab6
06_阅读加工/长难句_Markdown/2019-Text4.md,4282,ae4fff889fb965bdb0cd36239621081e33b475e7f54323786c65f29e385f674c
06_阅读加工/长难句_Markdown/2020-Text1.md,3489,34cd799c532ea4772fd24bdacf5dc0fca75dbce69e5c46a59cc889732bb33fb9
06_阅读加工/长难句_Markdown/2020-Text2.md,3711,57afea76127869499ddad055e7531e34eccf4fb51bc4651b05cfc4425b8e1ada
06_阅读加工/长难句_Markdown/2020-Text3.md,3997,597544e87ea300cbd2aa9d1247f17d148e7fa6eb9f81d9e1fa8a44686c4b6162
06_阅读加工/长难句_Markdown/2020-Text4.md,3823,c07cdfb18f0ab0afd5ec69ae30783095ef797caba3c2b7ec0314ca0e4f863ad7
06_阅读加工/长难句_Markdown/2021-Text1.md,3825,3baacfe431bb5367dca2fa9f4f045b85be00dbcd3f08fe34bbcace09bd6ccbbe
06_阅读加工/长难句_Markdown/2021-Text2.md,3871,8d390f80840b8539234d88dd63d4185c9dea125e99e627bb8d59b1c3bd08a1e4
06_阅读加工/长难句_Markdown/2021-Text3.md,3798,df700bc17d76523a89029461e53b00d69eb9857c465f0e838b56d2a22d3f3021
06_阅读加工/长难句_Markdown/2021-Text4.md,3957,7116959df78ed9cc9570b69fffa7e9e3e0ec8066f42530ca8f3f28faed81edbb
06_阅读加工/长难句_Markdown/2022-Text1.md,4253,5e06cc31f92591308f861dc24d757f7cf9fc242f285bb16cdaedc0088b0245aa
06_阅读加工/长难句_Markdown/2022-Text2.md,3965,e5b41500150e9dc5492236257e5d1dc3fc5ea500f600484d93139b5a7c3c547e
06_阅读加工/长难句_Markdown/2022-Text3.md,4162,f9c83236cb62cd9015a5160478e43dc86bb874a37a7d7df9476185fe5981fa87
06_阅读加工/长难句_Markdown/2022-Text4.md,4519,1d8b7ab4520275d3a1642b5b3686c6ba4ede3c857bf654cea0f252e436591eca
06_阅读加工/长难句_Markdown/2023-Text1.md,3846,65c62f89228468475c5cc21f1b5952778b71f42c308ea515469ccf29ddaf4337
06_阅读加工/长难句_Markdown/2023-Text2.md,3895,a598c7c80d50b94d2f32343c82611c55a9501f5232d28f61f0a360dc8dbc26e3
06_阅读加工/长难句_Markdown/2023-Text3.md,3692,6d81db1f1fe3562a4b5edad816d12f72d5bc5b7338cac377c653269ede6ec2b8
06_阅读加工/长难句_Markdown/2023-Text4.md,3321,831ee217acfdf9037e043c0def1ee3eade54c11cc11b33c663cdfc1e61b00436
06_阅读加工/长难句_Markdown/2024-Text1.md,4071,c526a1db7e07ed38e30f1de2f046abfa064a09e18631b1de2a315840196d3046
06_阅读加工/长难句_Markdown/2024-Text2.md,4351,1bbce7e4c50b0be17108421e407b4aa36dc4679502d43d233d920a270827c987
06_阅读加工/长难句_Markdown/2024-Text3.md,4800,628345c4ba4eb3404e8d6bc50b0c5194d739b9db7795fe745841572e66ebce7d
06_阅读加工/长难句_Markdown/2024-Text4.md,3962,e693c61928f4eeda324d76dc94874124791123099e37bcab3c55a5962dbaac64
06_阅读加工/长难句_Markdown/2025-Text1.md,3581,cd4fff452937ef14d6571fac2a9a79e3a0c25e9844247ca6ec9cde048806d560
06_阅读加工/长难句_Markdown/2025-Text2.md,3927,c352fb4621feff61800c140e425ad4832e194ff44063ecd85d1ac0706f6d5e5a
06_阅读加工/长难句_Markdown/2025-Text3.md,3564,470f77eb83cc12a5d82b495c0fcefff464e18a275d311c67de4aea011883a9a6
06_阅读加工/长难句_Markdown/2025-Text4.md,4171,37570315f97553a33a17384f010466153afc85a0d68eff8a7502b4a3f9cfc6a0
06_阅读加工/长难句_Markdown/2026-Text1.md,3981,25af31e5bc07950e7eb2d941f085acbd876aed8ca1dcd97a7caacb4c70562075
06_阅读加工/长难句_Markdown/2026-Text2.md,3974,315a61cfb990e8b9a05f929f55cea50828b864aa543a89f56fc0ae05604da343
06_阅读加工/长难句_Markdown/2026-Text3.md,3882,f36695c4acd6480481605e2b74588fcdf349b77969852ce71f42c4c42fefaba3
06_阅读加工/长难句_Markdown/2026-Text4.md,4269,41cdcb2fbe49a8dd48477bd71e6a761670efb9e93762ac71b7cd9a391bebc057
06_阅读加工/analyses/2010-Text1.json,2834,0d18f3cc81c859a42defe0ecff2cdaf7e482549f9ebbac400a2f3e6b60014227
06_阅读加工/analyses/2010-Text2.json,2815,7298fb5489b4b205fa624aef6d63cb4a451a768cca1d017166311141f7d79d9a
06_阅读加工/analyses/2010-Text3.json,3351,cf059c3ef6d7a5713c862e06eb70e6860b3ebe300835ab808a124cef1df8b922
06_阅读加工/analyses/2010-Text4.json,3473,38d9e3a68cefab7bea5ab9ea57aad4826520d4e8b32e2e6c8dfe2603e18cbafa
06_阅读加工/analyses/2011-Text1.json,2955,942dc4cb45f1da9d5315b161360dfd9bff2829959479a778819dc2fcc194295b
06_阅读加工/analyses/2011-Text2.json,2558,3e6082f9aeea7213f86f32c15fa844e55c1d2912d9a77076ddb22a2a68daa594
06_阅读加工/analyses/2011-Text3.json,3236,e89c7957258339cce57d4634addbb2be2cc307ed90cee0978e8a4c2efe503913
06_阅读加工/analyses/2011-Text4.json,3068,56157f14fb44c2b86a94cb8293affc2c6bf169253166feb4006caddfb901d925
06_阅读加工/analyses/2012-Text1.json,3065,43c859382d5a209c3075fce431f1c873d202dc674d27ae9e3f534bb8dc6d7cb2
06_阅读加工/analyses/2012-Text2.json,3023,7dd88b316a777b359d7f3b8886bb3e077dbcd302aa551125707d89d5d872908d
06_阅读加工/analyses/2012-Text3.json,2531,6c1bffe123b12eacf308602b97f0fb980602101360f294d3f110b7f7c9819ced
06_阅读加工/analyses/2012-Text4.json,3297,b25ee1a3cea64ce903411e3bc1de9800363a0a7e7cde7aefaa0d9d9f2ddb9b90
06_阅读加工/analyses/2013-Text1.json,3019,105385c3fa5073cee095321b1029f636f9ac45b9d6879d9d391c5630d6822348
06_阅读加工/analyses/2013-Text2.json,2749,15d2f3559ea008c4e3491285a1593931b316836df14700ee5bbe1dd18cd67707
06_阅读加工/analyses/2013-Text3.json,2662,dc65adae734f67efa847b651fa61cc0a4cc5489bf20fe8f18af631c20d4169c1
06_阅读加工/analyses/2013-Text4.json,2712,b4121421337b4ddd12c62ff467a3ebdbb089aeb0b582f1efcd991c0154dd75be
06_阅读加工/analyses/2014-Text1.json,2494,d031b692833c8e8aaebcb8b74be4c9e44b1c7246da21fe343b82e533eb5f5269
06_阅读加工/analyses/2014-Text2.json,2772,a1d74e8c631c0d16000183f498d84b788527ee089da245323f2c197d34f4b82b
06_阅读加工/analyses/2014-Text3.json,2405,bf127facdb3767fed9db2b114232b7f34f836b9a9ff7ed7fc80dc0e379a29ccd
06_阅读加工/analyses/2014-Text4.json,2500,03d5f1de7bb2b42aae1ddeb21c4fda6b3ad3b986595d6248ad33ce4fe265c4d6
06_阅读加工/analyses/2015-Text1.json,2573,a3918dc096296e7b84f8f4f90014a23fee586ac387d3d05cfbb753fb1b2d780f
06_阅读加工/analyses/2015-Text2.json,2765,c00ddedee34e94e6684ca3f35241a55470738e29188738be2bd7e0d8774d05ed
06_阅读加工/analyses/2015-Text3.json,2683,eede09333603f626d97e27aa9d1c73a943646972e6ecc0c150c6db5f64e47cc4
06_阅读加工/analyses/2015-Text4.json,2438,c67f744f43378b7b7f59c0e700f043fb70977ff2a2fec2571434426cbda2bab8
06_阅读加工/analyses/2016-Text1.json,3011,e20a6653d86804536aa1bfcfcadcad689f4b0e666010ecf552b2c53f3121ed4a
06_阅读加工/analyses/2016-Text2.json,2992,f30110a95cfbf2b441ec52935d69cca780f51ae62e485e4db6b2c46f48b20437
06_阅读加工/analyses/2016-Text3.json,3088,3b82674ee828b7bca2539e0ac3afacba9095b7f94e9591d322fecb37e8dba77e
06_阅读加工/analyses/2016-Text4.json,3586,80001aa29ee2a3e32f593a3e4a77d954b2a96e71fe9602d0c1649d58e77fc75b
06_阅读加工/analyses/2017-Text1.json,2868,51d01ce3f3647948147f624e85f280f46cdc1068f7cdd6c42e11d4677f079d36
06_阅读加工/analyses/2017-Text2.json,3349,9d224d660354092b7b38f356ed3841d1cea6d48267018a79a23e31f58a361c4e
06_阅读加工/analyses/2017-Text3.json,2800,e7fafc5a233d581dd84276c0ccd9ce0ebb96c95c9b138e80df309d501297ee80
06_阅读加工/analyses/2017-Text4.json,2894,7ac575a9045f5dde4de1586f8da672e269311ace0049509fe767a7dfce565e47
06_阅读加工/analyses/2018-Text1.json,2998,37ebef045cb94f30482c56c4cfe0e13696c83b2f8e0b55cc03d290abb54fa510
06_阅读加工/analyses/2018-Text2.json,2842,133dba92e1fc939e1436692d6dd004186adf0949c74b929e2164a5c2af0f4cab
06_阅读加工/analyses/2018-Text3.json,3206,53f82b81d55e7eb5c69a9488320b0d6a0db74f85bf44a3fcc79f64e1c670ec46
06_阅读加工/analyses/2018-Text4.json,2999,950b0dfab964666df7c0396b379db0d10bb7e3ebe6d22a93195c9e4627d21cee
06_阅读加工/analyses/2019-Text1.json,2677,b5c621536905ce577c43b91984760d0c66fde6e6455edd0d13b35af3c4ce2f9a
06_阅读加工/analyses/2019-Text2.json,2664,ffcd61f8e5c0b9a7fd94a3340104ad4419d2d2911df949023df88bc150d14b2c
06_阅读加工/analyses/2019-Text3.json,2305,5a56490129e98845c1e64ea10c2172d2fab465ae03914029f61164bedeb3cc8c
06_阅读加工/analyses/2019-Text4.json,2798,fffdbc880cf9d9dee3114708e5c634763f7445ed2799b93a4fe3b0f7586aa20a
06_阅读加工/analyses/2020-Text1.json,2484,4adf93be604866de4de778ec418620ad7255d5c902125c7708fcb7f15ce6a6ef
06_阅读加工/analyses/2020-Text2.json,2614,70078489abef62ba11fa2e23264a4d6fa2e5df46457f486a003d7e79b6218733
06_阅读加工/analyses/2020-Text3.json,2773,08e8a0de8b10ddd97ffd17c608afdc6676f3ebecb50bb916ad914f603fc14e74
06_阅读加工/analyses/2020-Text4.json,2718,da3249879cf3b8c84bce1d5441958b3181bcbc6328998caed67e9f84a9821e2b
06_阅读加工/analyses/2021-Text1.json,2807,9cb9118c1ac536fec47f6075127c81f38c89a2c5fabc5c4c5de498dc898b3000
06_阅读加工/analyses/2021-Text2.json,2786,5362e9244811dc85c0c00cdf9e5889e7a2e4a1a50afbba89d4b456bc61d5a799
06_阅读加工/analyses/2021-Text3.json,2689,709020512428c0bd97af286d4e48ffc2ffcfc098c0cd67f00dfe9495124bf1a9
06_阅读加工/analyses/2021-Text4.json,2788,23987a027a122b54bb1ae069eeee37be83f91ff510696da4140e76ab6e8988a6
06_阅读加工/analyses/2022-Text1.json,3148,8c7d3867e852c1f03688b637059bfd50acaf12e0cd8c048dcaca56d432b2e970
06_阅读加工/analyses/2022-Text2.json,2943,643adb7ba844a55d17a44a378cf7d0463bebdd74f574bb0ac7886a864b501088
06_阅读加工/analyses/2022-Text3.json,2919,45ceafcc7804b781f444098fee12e5ad19c4214947e51e34e0128f581f97f9ee
06_阅读加工/analyses/2022-Text4.json,3116,cb891560dedf08a71c004cf18735e445dcf32c14b5cd0fe09940df5ffe3a749d
06_阅读加工/analyses/2023-Text1.json,2769,ef4b010a1a58f1d5a2f137a7f3e7b7a4ac4f12d919b1533d11871e650f7dd20f
06_阅读加工/analyses/2023-Text2.json,2840,249123d0209f90d19c816bce8b72f517c926405a175fe538f4c6ab0b3c7b4a9d
06_阅读加工/analyses/2023-Text3.json,2676,98491a2ebc041464f93f8f29e55be18ab23253b2da560bfdcae054417b64dc27
06_阅读加工/analyses/2023-Text4.json,2483,80365f5100c04fa99f3b06f6506f402f9530f79aa2e6aebea9ec7dc79d484530
06_阅读加工/analyses/2024-Text1.json,3112,e9ffd8c6c666bf529b99675dd0d6699795fa52415084e88e61657b6145eb0799
06_阅读加工/analyses/2024-Text2.json,3167,3720a372efce30dc9341b6cb2fb040ebeac0f99df527f2ed655fe7d82b25c480
06_阅读加工/analyses/2024-Text3.json,3264,6e2b93d7eb1addc455bb8f4be97c8a8662f1c91e6caee22ec1eae3320a7362d2
06_阅读加工/analyses/2024-Text4.json,2810,50d5b79843cfc335a42f2332b3e03e19f9a73faabe42633629c8cbfaad86da0f
06_阅读加工/analyses/2025-Text1.json,2714,b49f7aaa7fdb4951a5c367cca8d7ad61d3900d70bfafff27ee3d0ae0776adb69
06_阅读加工/analyses/2025-Text2.json,2877,907cb26c1aafa9534edfd2c7cc532f375ef2ec5ef55163932903d24d48d48ac7
06_阅读加工/analyses/2025-Text3.json,2691,d01574282aa59be4d68be13a73f783b628b0e8519ca2ca4866c85acc0a2a1af2
06_阅读加工/analyses/2025-Text4.json,2986,6ee04f56b99985cd0a0b69d80267efd74be90dbb23861fcc15604cca670f6eb9
06_阅读加工/analyses/2026-Text1.json,2910,ecab06b93c882f4af8fd1682efbec8f9cc0948ea0fc1b3643a47b48582f6dc9b
06_阅读加工/analyses/2026-Text2.json,2884,6149f45997d164a7535b14977b5d77f131a668166a57bdb26eb5cf06a7c02c38
06_阅读加工/analyses/2026-Text3.json,2781,c983547738527ef2b95e639325ad9e753fae96c364dd0391e947c7dd013c0433
06_阅读加工/analyses/2026-Text4.json,3027,383a0ddda04c77bbced00aa757729c68ad20f118bf92cb273298ce504ace1e3d
06_阅读加工/translations/2010-Text1.json,2733,6774ca53094136335a385677ac70b916198b8b4b2420086560ecf0a7f4ec054e
06_阅读加工/translations/2010-Text2.json,2521,4f01bd5b5cc6b4838b9d2bd9f647f6148c60c3b18a76111994b26b14437b3d13
06_阅读加工/translations/2010-Text3.json,2871,7266306f7d07593a9fe5c3b2355aa0c7ae7bf7d6ef7bb1185c256500e102359b
06_阅读加工/translations/2010-Text4.json,2604,b0212bdcccdf2f7206c3b6fa611d41878c3bac14e7889612c1fa44fa25f9cb71
06_阅读加工/translations/2011-Text1.json,2617,c6b1fbbebb888fea492c5b71fc6937f2ac91f09f42d8b64bd6452831c9e8b5f5
06_阅读加工/translations/2011-Text2.json,2798,72a69de2285821795f4d4cd91ed941f69b115da8536d2c77a7cba7b323741bfc
06_阅读加工/translations/2011-Text3.json,2992,cdac2caa22eb32283ba115a72ecf8182711beed0501606e7ac34e25e5aa15fad
06_阅读加工/translations/2011-Text4.json,2844,2467b416f0c9d485fcaeb6a98bfc35724696e811358a23c5da89c65a2f9f1db1
06_阅读加工/translations/2012-Text1.json,2571,7642e1f716a681f6549f19332fe371bacb223d0757ebe832f85b71b100c71793
06_阅读加工/translations/2012-Text2.json,3020,d70a9158f160a4e76c1c4857eafe5733d2a8bb4d5024ea6db5e328be968ce794
06_阅读加工/translations/2012-Text3.json,2996,53f0120ec20770672fc0ab2a875be7ce292b840a322f0e991a947b6d4f696714
06_阅读加工/translations/2012-Text4.json,2736,0dc3ff64022b99e59cc0214b913b2e3238d0f1f047d938569c08e286521ccf1b
06_阅读加工/translations/2013-Text1.json,2470,202af37a435f439c5f88e2b9f0922df10bb157a8ddcc43e26902ab8f596904d5
06_阅读加工/translations/2013-Text2.json,2764,232a524826917152a1206a47121df82603780d25947b66946359f33a7303e428
06_阅读加工/translations/2013-Text3.json,2753,ebd8cfdec0450abbb8d2767ba1b97e8ad147d4eafa79ad0ada6b628a071a78c9
06_阅读加工/translations/2013-Text4.json,2637,5483f7608231f2359b7708a6b20ad2f3b451878996a8781db6ff342aebe53efe
06_阅读加工/translations/2014-Text1.json,2777,345e1c0505df9d58a3ee9536330976a4c9b50fb969a98b6805dbc307c575c107
06_阅读加工/translations/2014-Text2.json,3085,168ee8da062fe7b264b82be310a6ecd426499006194be57e302fd90a3ed1c054
06_阅读加工/translations/2014-Text3.json,2579,c83590b2a107fb439fafdd6c2a22030ec283c6c5b26d8e255903109f7ba0c415
06_阅读加工/translations/2014-Text4.json,2559,dc741c189656c42b577ab4341747272bc559a3a82858857a6a79c71ee290d5b9
06_阅读加工/translations/2015-Text1.json,2906,29ef04b3c19b4fd26fd25902504eeb0124674f0214a9c79fcc1cead72daecf19
06_阅读加工/translations/2015-Text2.json,2502,9e94fda807e0407cd0645749be0cca0de7804c9b43cd6679e8c433992fa09bf9
06_阅读加工/translations/2015-Text3.json,2860,d4406751de5d00bfb6564a67461b08901cae13d7d3122077425703c48a041854
06_阅读加工/translations/2015-Text4.json,2792,e319543e4332d3ab045d5a656e15da388664c58bc7a875fe60cf239ad8b99fe7
06_阅读加工/translations/2016-Text1.json,2659,c6f3e3ae490042fa5760546cf795fc4af5e2ee457e512172d6c30b124edd17d2
06_阅读加工/translations/2016-Text2.json,2785,91d7884b224f3d9ceefadcac8c25ca441f85181963534cd1d48508d7c7a299ab
06_阅读加工/translations/2016-Text3.json,3042,175fe7965a645bb74ea597ae2863483dca4e491b14d6bdb219a4e5047444b61f
06_阅读加工/translations/2016-Text4.json,2496,887076718c20a59db41b2ebf7199ec863d27749b0d04127c3b2d63a13f1e498d
06_阅读加工/translations/2017-Text1.json,2921,9c81c0b98c01107a3e608e1bf6ed1c0c6fae132acd704f696de568385f9a7b4d
06_阅读加工/translations/2017-Text2.json,2679,95b8cb47aa9bd58bf963b708efc32f7d869feb5a9165b86f4bba155e96799107
06_阅读加工/translations/2017-Text3.json,2492,1d7fe8c06855f4c718b48e06274df13253e971de2162de0910162e8f598e1d9c
06_阅读加工/translations/2017-Text4.json,2704,31bf2cae860ef38278e35264fe4216a6a3c235990bd203ff22966056789698d4
06_阅读加工/translations/2018-Text1.json,2833,53255033983d24f994147e8cbf49ca595043993d8e6092b30522aa05df6925b9
06_阅读加工/translations/2018-Text2.json,2674,f905c2dc5b4eb740ffd4b2f8356b1a638bc0a23455d1886a42e057b52127e037
06_阅读加工/translations/2018-Text3.json,2644,20fb848ba21caa18bea74baed7bdc749715f75bf8f4b1a0effd2df89edadf9ac
06_阅读加工/translations/2018-Text4.json,2723,a9c69addf33a6f7ab6e66fa3b25be0b960d53a8b84deb1ec11458fddc8de4a58
06_阅读加工/translations/2019-Text1.json,3080,50eccda0b4cd239d3fd9b715b43c236052b8704f394c75f20186181b00117940
06_阅读加工/translations/2019-Text2.json,2662,f8cc7ade320b3bfb9ea312a341f31ce6c91b89576b92854a2d19ff506b6a9050
06_阅读加工/translations/2019-Text3.json,3069,542572cdc6c1339e0a0785f6fe0528dc9ec36e01a36acf59fca39f457d7744d2
06_阅读加工/translations/2019-Text4.json,2955,c66c9215e9c4fd74725ffbec7cc15f5cee15f826c60f5a8fe3bf7b9aca228320
06_阅读加工/translations/2020-Text1.json,2742,ba8ff051e88a8f26accf5acdae951507afa3a9d3b0e676060e266093f01c9ce7
06_阅读加工/translations/2020-Text2.json,2817,b77a96c0569d57bbcd005bd7893cada66ec0e8cab899394c9f101d6dd5f8d473
06_阅读加工/translations/2020-Text3.json,2794,9ea8445703e8893a177322b19388e26bcce31b243669b6554462e27282d3e27c
06_阅读加工/translations/2020-Text4.json,2683,e5db2afcded49bb7d87f22d736186ebce9c8cde81e3eb357a6a222044cf7a3b3
06_阅读加工/translations/2021-Text1.json,2599,260ebd72aae71deea03b0cf4f94465c55cef1549f4105e8f4fbf5346135beaf5
06_阅读加工/translations/2021-Text2.json,2354,8fbbd66d75a04afcb93b1f5099c80a8ffc7a9844a922f1165c71bcd8da50dd43
06_阅读加工/translations/2021-Text3.json,2642,15ed8de72aa79270c0833781b548a01f02391660ab24320bdc105e5dbef0aead
06_阅读加工/translations/2021-Text4.json,2986,355d6112433e8f28679e6070e36ffd98124453e1d743db22ac11e7a24063971d
06_阅读加工/translations/2022-Text1.json,3038,131d86501c58df1690d1d10a7e88e6855efc1d7f079b767c021f0ee8c4735330
06_阅读加工/translations/2022-Text2.json,3209,70c31e95989356ba5fa113b02883ba827b745fc9fed96667369704a738a1af4c
06_阅读加工/translations/2022-Text3.json,2759,a124d53c8215db4025c498e44387c8b47697658c24b691c5085b32b7fce9114e
06_阅读加工/translations/2022-Text4.json,2975,34d4934640493d3a8bcd44ee448a45c953065171ae09b70be8607adb34a208b5
06_阅读加工/translations/2023-Text1.json,2556,3328d83889265c5b8df63cd294013a69cc9b1be69143433333ea53810bca79ba
06_阅读加工/translations/2023-Text2.json,2741,108afa5573c8effc5f349cb857242654e5bd8b6f4dcb01fed26f0e07d05686f4
06_阅读加工/translations/2023-Text3.json,2747,07110b9fcd5c6679de1b2b638fe04088c2a4d016159611087efb7057d403549c
06_阅读加工/translations/2023-Text4.json,2936,b2f2d95e2de954dec0eacd95145366f4b98727be07494e44dbead5e442e39593
06_阅读加工/translations/2024-Text1.json,2724,7c995817a9206438b2bab3ebbe0647b7dd62cd5ed0dde6b0f5be457b647ac5e1
06_阅读加工/translations/2024-Text2.json,2433,8f5dc944398b82a0ed93a6d0de876ce1de9df069ab0ec65d56ee201729978cc2
06_阅读加工/translations/2024-Text3.json,2664,219aa7e5d8410f535ba22cf43b2b23ef96b3368dc0ef828f73e66a5201e253e5
06_阅读加工/translations/2024-Text4.json,2689,7b5f10780137b794480b98d26a21490237d8b9d27c4d0e985d29a39ac7ca5c0f
06_阅读加工/translations/2025-Text1.json,2745,a498bd052a1ef0293dae1902df80acc02a4796c7c86602e6948bafbf4b1cb840
06_阅读加工/translations/2025-Text2.json,2663,909568eb92443b9866748a7fe49dfcafeb6f7f1a56dc715189c203ec7cb90c4e
06_阅读加工/translations/2025-Text3.json,2955,76648a46b9577b446e9ba4f6fb2a8cbd2f9e40d5e1f4b5cf6ed1da71510393a8
06_阅读加工/translations/2025-Text4.json,2723,5629d0a13d194257780e912e1470608e2499c1e5920ca9d67554de3f179ee512
06_阅读加工/translations/2026-Text1.json,2892,82b4b7a2e22f40b097f43084fff8dd7b85d8b1fccaf9876c71b9bf28b2ca79f6
06_阅读加工/translations/2026-Text2.json,2929,b4fc29712d475161e3b7e9293139b7835f9e7cb1e14be87ce3e08b41ec21cd1c
06_阅读加工/translations/2026-Text3.json,2607,6bf74df4f68a6a052eab4411b5726698326d1f3d95aa6ce532384762c33972dc
06_阅读加工/translations/2026-Text4.json,2718,0fe94b7c6dc21f979385759cd80a1f54dcc36e6ad12adcd7fb48bfdba6e1e5d6
下载验收报告.md,10307,4d2828fba2da948b9fa9ff89aed3b31f5dbabef8d08445b42d996196c0cfb473
README.md,4751,ac578b8de35297474f429c208e7f53b66d523855361b277e540571b5966eaed8
